periodico,ano,titulo,doi,e_resenha
RBCP_Revista_Brasileira_de_Ciencia_Politica,2020,"Ativismo Institucional no Poder Legislativo: confrontos políticos, assessores ativistas e frentes parlamentares",https://doi.org/10.1590/0103-335220203108,NA
Lua_Nova,2004,"Foucault, para além do poder disciplinar e do biopoder",https://doi.org/10.1590/s0102-64452004000300008,NA
Revista_de_Sociologia_e_Politica,2010,O Estado em Durkheim: elementos para um debate sobre sua sociologia política,https://doi.org/10.1590/s0104-44782010000300009,NA
Revista_de_Sociologia_e_Politica,2004,"A categoria ""pobreza"" nas formulações de política social do Banco Mundial",https://doi.org/10.1590/s0104-44782004000200006,NA
Opiniao_Publica,2011,As Conferências Públicas Nacionais e a formação da agenda de políticas públicas do Governo Federal (2003-2010),https://doi.org/10.1590/s0104-62762011000100008,NA
DADOS_Revista_de_Ciencias_Sociais,2002,"Incentivos Eleitorais, Partidos e Política Orçamentária",https://doi.org/10.1590/s0011-52582002000200005,NA
DADOS_Revista_de_Ciencias_Sociais,2020,O Que Há de Errado com o Igualitarismo de Fortuna?,https://doi.org/10.1590/001152582020208,NA
Lua_Nova,2001,Democracia integral e justa liberdade: O liberal-socialismo de Calogero,https://doi.org/10.1590/s0102-64452001000200005,NA
RBCP_Revista_Brasileira_de_Ciencia_Politica,2009,Categorias desajustadas: uma crítica Ã teoria dual de sistemas de Nancy Fraser,NA,NA
DADOS_Revista_de_Ciencias_Sociais,1998,Novas e Velhas Verdades sobre a Organização Legislativa e as Democracias,https://doi.org/10.1590/s0011-52581998000400006,NA
DADOS_Revista_de_Ciencias_Sociais,2009,Razões da intolerância na Europa integrada,https://doi.org/10.1590/s0011-52582009000200003,NA
DADOS_Revista_de_Ciencias_Sociais,1996,O senhor e o escravo como tipos - limite de dominacao e estratificacao,NA,NA
RBCP_Revista_Brasileira_de_Ciencia_Politica,2022,De volta aos holofotes: militares e política na crise brasileira contemporânea,https://doi.org/10.1590/0103-3352.2022.39.262782,NA
DADOS_Revista_de_Ciencias_Sociais,2004,O conceito de desenvolvimento do ISEB rediscutido,https://doi.org/10.1590/s0011-52582004000100002,NA
Lua_Nova,1996,Reforma do estado e condução política,https://doi.org/10.1590/s0102-64451996000100003,NA
Revista_de_Sociologia_e_Politica,2012,Oligarquia e processos de oligarquização: o aporte de Michels à análise política contemporânea,https://doi.org/10.1590/s0104-44782012000400004,NA
Lua_Nova,2023,A INTENSIFICAÇÃO DOS CONFLITOS DISTRIBUTIVOS NO BRASIL E O DESLOCAMENTO POLÍTICO EMPRESARIAL NO GOVERNO DILMA (2011-16),https://doi.org/10.1590/0102-167207/120,NA
Revista_de_Sociologia_e_Politica,2012,Causas estruturais e consequências dos regimes internacionais: regimes como variáveis intervenientes,https://doi.org/10.1590/s0104-44782012000200008,NA
Lua_Nova,2023,RICHARD MORSE E FERNANDO HENRIQUE CARDOSO ENTRE SÃO PAULO E A DEPENDÊNCIA,https://doi.org/10.1590/0102-108147/119,NA
Lua_Nova,1986,Os fantasmas,https://doi.org/10.1590/s0102-64451986000100009,NA
Revista_de_Sociologia_e_Politica,2013,Accountability e independência judiciais: uma análise da competência do Conselho Nacional de Justiça (CNJ),https://doi.org/10.1590/s0104-44782013000100004,NA
Revista_de_Sociologia_e_Politica,2009,História intelectual e teoria política,https://doi.org/10.1590/s0104-44782009000300020,NA
Revista_de_Sociologia_e_Politica,2017,Cooperação para autonomia? Explicando o paradoxo da política externa brasileira para a Unasul,https://doi.org/10.1590/1678-987317256106,NA
Revista_de_Sociologia_e_Politica,2017,Alianzas de los empresarios industriales en la crisis del neoliberalismo en Argentina,https://doi.org/10.1590/1678-987317256204,NA
Revista_de_Sociologia_e_Politica,2024,Descentralização fiscal brasileira: as prioridades orçamentárias sob a perspectiva de agenda-setting,https://doi.org/10.1590/1678-98732432e010,NA
Lua_Nova,2007,Uma teoria marxista do político? O debate Bobbio trent'anni doppo,https://doi.org/10.1590/s0102-64452007000100004,NA
RBCP_Revista_Brasileira_de_Ciencia_Politica,2021,A Sociologia de Roberto Campos e a construção de uma ordem liberal no Brasil,https://doi.org/10.1590/0103-3352.2021.34.208572,NA
Lua_Nova,2025,"BRASIL, RACISMO, NACIONAL-DEPENDÊNCIA E QUASE-ESTAGNAÇÃO",https://doi.org/10.1590/0102-124029lcbp/124,NA
Lua_Nova,1989,Dez teses acerca dos movimentos sociais,https://doi.org/10.1590/s0102-64451989000200003,NA
DADOS_Revista_de_Ciencias_Sociais,2002,Governos de Coalizão nas Democracias Presidencialistas e Parlamentaristas,https://doi.org/10.1590/s0011-52582002000200001,NA
Lua_Nova,2010,O desenvolvimento político em Huntington e Fukuyama,https://doi.org/10.1590/s0102-64452010000200005,NA
DADOS_Revista_de_Ciencias_Sociais,1999,A universidade e a pós-modernidade: o panorama brasileiro,https://doi.org/10.1590/s0011-52581999000100008,NA
DADOS_Revista_de_Ciencias_Sociais,2008,From arrest to sentencing: A comparative analysis of the criminal justice system processing for rape crimes,NA,NA
DADOS_Revista_de_Ciencias_Sociais,2007,O melhor governo possível: Francesco Guicciardini e o método prudencial de análise da política,https://doi.org/10.1590/s0011-52582007000200004,NA
Revista_de_Sociologia_e_Politica,2013,Flávio Suplicy de Lacerda: genealogia de um integrante da elite paranaense,https://doi.org/10.1590/s0104-44782013000300009,NA
Revista_de_Sociologia_e_Politica,2018,Expandindo o conceito de competência política: conhecimento político e atitudes democráticas na América Latina,https://doi.org/10.1590/1678987318266802,NA
RBCP_Revista_Brasileira_de_Ciencia_Politica,2017,Seria a luta por reconhecimento uma aspiração à agência soberana?,https://doi.org/10.1590/0103-335220172205,NA
DADOS_Revista_de_Ciencias_Sociais,1994,Crise do sindicalismo na america latina,NA,NA
DADOS_Revista_de_Ciencias_Sociais,2024,Between Deinstitutionalization and Resilience: Institutional Participation in the Bolsonaro Administration,https://doi.org/10.1590/dados.2024.67.4.339x,NA
DADOS_Revista_de_Ciencias_Sociais,2017,¿Qué es una Buena Elección?: El Uso de los Informes de las Misiones de Observación Electoral para Evaluar los Procesos Electorales Latinoamericanos (2013-2016),https://doi.org/10.1590/001152582017143,NA
Revista_de_Sociologia_e_Politica,1998,A CRÍTICA E A POLÊMICA EM TORNO DO ISEB,NA,NA
Lua_Nova,1989,As modificações do sistema internacional e o Brasil,https://doi.org/10.1590/s0102-64451989000300009,NA
Brazilian_Political_Science_Review,2007,Women and Candidate Quality in the Elections for the Senate: Brazil and the United States in Comparative Perspective,https://doi.org/10.1590/1981-3831200700020003,NA
Opiniao_Publica,2004,"Evangélicos no Brasil: perfil socioeconômico, afinidades ideológicas e determinantes do comportamento eleitoral",https://doi.org/10.1590/s0104-62762004000200006,NA
Revista_de_Sociologia_e_Politica,2002,O legado sociológico de Pierre Bourdieu: duas dimensões e uma nota pessoal,https://doi.org/10.1590/s0104-44782002000200007,NA
DADOS_Revista_de_Ciencias_Sociais,1999,Estado e empreiteiras na comunidade de políticas urbanas no Rio de Janeiro,https://doi.org/10.1590/s0011-52581999000200005,NA
Lua_Nova,1996,Visões do futuro: imagens da ciência e do cientista,https://doi.org/10.1590/s0102-64451996000100011,NA
Opiniao_Publica,2014,Explicando os efeitos de programas de socialização política: a experiência do Parlamento Jovem no Brasil,https://doi.org/10.1590/1807-01912014203425,NA
Lua_Nova,2008,A revolução russa e o sistema internacional,https://doi.org/10.1590/s0102-64452008000300004,NA
DADOS_Revista_de_Ciencias_Sociais,2015,Encontros Globais e Confrontos Culturais: O Pentecostalismo Brasileiro à Conquista da Europa,https://doi.org/10.1590/00115258201563,NA
Lua_Nova,1984,Maluf ou o novo corpo do rei,https://doi.org/10.1590/s0102-64451984000300010,NA
Revista_de_Sociologia_e_Politica,2004,Aonde vai a teoria política?,https://doi.org/10.1590/s0104-44782004000200003,NA
RBCP_Revista_Brasileira_de_Ciencia_Politica,2012,As lógicas do recrutamento político,https://doi.org/10.1590/s0103-33522012000200007,NA
DADOS_Revista_de_Ciencias_Sociais,2008,Sociabilidades e valores: um olhar sobre a família árabe muçulmana em São Paulo,https://doi.org/10.1590/s0011-52582008000100002,NA
Lua_Nova,2014,San Francisco e a nova economia do desejo,https://doi.org/10.1590/s0102-64452014000100010,NA
Lua_Nova,2018,"Trabalhadores, sindicalismo e política: 1978, quarenta anos depois",https://doi.org/10.1590/0102-0026/104,NA
Opiniao_Publica,2014,Candidatos corruptos são punidos?: accountability na eleição brasileira de 2006,https://doi.org/10.1590/s0104-62762014000100002,NA
DADOS_Revista_de_Ciencias_Sociais,2013,Por que pensamento e não teoria?: a imaginação político-social brasileira e o fantasma da condição periférica (1880-1970),https://doi.org/10.1590/s0011-52582013000400001,NA
Brazilian_Political_Science_Review,2025,Machiavelli against Imperialism: a Critique of Roman Expansionism and a Call for a Confederative Solution,https://doi.org/10.1590/1981-3821202500020004,NA
DADOS_Revista_de_Ciencias_Sociais,1979,Distribuicao de renda e desenvolvimento: novas evidencias e uma tentativa de clarificacao da controversia no brasil,NA,NA
DADOS_Revista_de_Ciencias_Sociais,2013,Influência majoritária em eleições proporcionais: os efeitos presidenciais e governatoriais sobre as eleições para a câmara dos deputados brasileira (1994-2010),https://doi.org/10.1590/s0011-52582013000200006,NA
Brazilian_Political_Science_Review,2018,Diplomacy as an Independent Variable,https://doi.org/10.1590/1981-3821201800020008,NA
Opiniao_Publica,2005,Teoria e institucionalização dos sistemas partidários após a terceira onda de democratização,https://doi.org/10.1590/s0104-62762005000200001,NA
Brazilian_Political_Science_Review,2020,"News Media and Connectivity in Deliberative Systems: Reflections on the Debate about the Brazilian Age of Criminal Responsibility,",https://doi.org/10.1590/1981-3821202100010002,NA
RBCP_Revista_Brasileira_de_Ciencia_Politica,2013,Administrando o debate público: O Globo e a controvérsia em torno das cotas raciais,https://doi.org/10.1590/s0103-33522013000200001,NA
Lua_Nova,1984,Mais respeito!: A festa é do povo,https://doi.org/10.1590/s0102-64451984000200010,NA
Opiniao_Publica,2025,Superação da cidadania regulada: a constitucionalização de direitos sociais no Brasil em perspectiva comparada,https://doi.org/10.1590/1807-0191202531108,NA
RBCP_Revista_Brasileira_de_Ciencia_Politica,2016,Resenhas,https://doi.org/10.1590/0103-335220161915,NA
DADOS_Revista_de_Ciencias_Sociais,2004,Estrutura familiar e rendimentos do trabalho dos ricos,https://doi.org/10.1590/s0011-52582004000200006,NA
Lua_Nova,2006,"Representação: palavras, instituições e idéias",https://doi.org/10.1590/s0102-64452006000200003,NA
Brazilian_Political_Science_Review,2026,Responsibility and Resources: The Political Economy of Chinese Deployment to UN Peacekeeping Operations,https://doi.org/10.1590/1981-3821202600020006,NA
Lua_Nova,2002,Os meios de comunicação e a prática política,https://doi.org/10.1590/s0102-64452002000100007,NA
Revista_de_Sociologia_e_Politica,2004,"Reseña de ""Democracia : teoria e prática"" de Renato Monseff Perissinotto y Mário Fuks",NA,NA
Revista_de_Sociologia_e_Politica,2008,A institucionalização da câmara dos deputados dos Estados Unidos,https://doi.org/10.1590/s0104-44782008000100014,NA
Brazilian_Political_Science_Review,2015,Overtaking,https://doi.org/10.1590/1981-38212014000200014,NA
Lua_Nova,1984,Um brasileiro na democracia americana,https://doi.org/10.1590/s0102-64451984000300015,NA
Lua_Nova,2002,As prisões do mercado,https://doi.org/10.1590/s0102-64452002000100006,NA
DADOS_Revista_de_Ciencias_Sociais,2006,Congresso e política de reforma do estado no Brasil,https://doi.org/10.1590/s0011-52582006000200001,NA
Opiniao_Publica,2023,Vale quanto pesa? A influência das eleições de governador sobre a composição da Câmara dos Deputados no Brasil (1994-2018),https://doi.org/10.1590/1807-01912023293761,NA
Opiniao_Publica,2024,The Brazilian Amazon and the Soveregnist Discourse: old and new storylines,https://doi.org/10.1590/1807-0191202430119,NA
Revista_de_Sociologia_e_Politica,2008,Isaiah Berlin: afirmação e limitação da liberdade,https://doi.org/10.1590/s0104-44782008000100017,NA
Opiniao_Publica,2000,Apoio popular à integração econômica regional na América Latina,https://doi.org/10.1590/s0104-62762000000200003,NA
Revista_de_Sociologia_e_Politica,2014,Crisis?: What (Type) of Crisis? The overlapping problems of the European Union,https://doi.org/10.1590/1678-987314225004,NA
RBCP_Revista_Brasileira_de_Ciencia_Politica,2012,"Aborto por anencefalia na mídia brasileira: análise retórica do debate entre as posições ""pró-escolha"" e ""pró-vida""",https://doi.org/10.1590/s0103-33522012000100005,NA
Lua_Nova,1987,Trinta anos de não-alinhados,https://doi.org/10.1590/s0102-64451987000100016,NA
Lua_Nova,1992,Capitalismo democraticamente planejado?: A tríplice transição no Leste europeu,https://doi.org/10.1590/s0102-64451992000300005,NA
DADOS_Revista_de_Ciencias_Sociais,2006,"Uma virada imprevista: o""fim"" da adoção internacional no Brasil",https://doi.org/10.1590/s0011-52582006000100003,NA
RBCP_Revista_Brasileira_de_Ciencia_Politica,2018,Influências do Parlamento Jovem Brasileiro no comportamento político dos egressos: análise da autopercepção dos jovens participantes,https://doi.org/10.1590/0103-335220182705,NA
Opiniao_Publica,2021,A construção de vínculos político-territoriais na cidade: evidências de São Paulo,https://doi.org/10.1590/1807-01912021272549,NA
Revista_de_Sociologia_e_Politica,2007,Competencia intercapitalista en tecnología estratégica y su militarización: el caso del sistema satelital Galileo,https://doi.org/10.1590/s0104-44782007000200009,NA
Brazilian_Political_Science_Review,2019,The World Cup and Presidential Popularity in Brazil,https://doi.org/10.1590/1981-3821201900030001,NA
DADOS_Revista_de_Ciencias_Sociais,2009,Mudanças e permanências na cultura política das metrópoles brasileiras,https://doi.org/10.1590/s0011-52582009000300005,NA
Lua_Nova,1985,Isso é conversa de branco,https://doi.org/10.1590/s0102-64451985000400003,NA
Lua_Nova,2019,"LEI, LIBERDADE E DIVERSIDADE DE FINS NO PLURALISMO DE VALORES",https://doi.org/10.1590/0102-169202/107,NA
Lua_Nova,1994,Um diálogo de surdos: o projeto calha norte,https://doi.org/10.1590/s0102-64451994000300007,NA
Brazilian_Political_Science_Review,2021,Sources of the Incumbency (Dis)Advantage,https://doi.org/10.1590/1981-3821202200010003,NA
DADOS_Revista_de_Ciencias_Sociais,2013,La igualdad en el lazo social: procesos sociohistóricos y nuevas percepciones de la desigualdad en la sociedad chilena,https://doi.org/10.1590/s0011-52582013000100005,NA
DADOS_Revista_de_Ciencias_Sociais,1982,"Crise e transicao : uma interpretacao do momento politico nacional. V reuniau anual da associacao nacional de pos-graduacao e pesquisa em ciencias sociais, friburgo, suiza, 21-23 outubro, 1981",NA,NA
Opiniao_Publica,2020,Between knowing and feeling: emotions and the vote in the 2017 Chilean presidential election,https://doi.org/10.1590/1807-01912020263452,NA
Lua_Nova,1994,Construir a cidadania: uma visão desde baixo,https://doi.org/10.1590/s0102-64451994000200004,NA
