periodico,ano,titulo,tipo,doi,id_openalex
Lua_Nova,1984,[NO TITLE AVAILABLE],article,https://doi.org/10.1590/s0102-64451984000100016,https://openalex.org/W1997558455
Lua_Nova,1985,[NO TITLE AVAILABLE],article,https://doi.org/10.1590/s0102-64451985000100012,https://openalex.org/W4241234032
Lua_Nova,1986,[NO TITLE AVAILABLE],article,https://doi.org/10.1590/s0102-64451986000300014,https://openalex.org/W4252041052
Lua_Nova,1988,[NO TITLE AVAILABLE],article,https://doi.org/10.1590/s0102-64451988000100014,https://openalex.org/W4231051381
Lua_Nova,1989,[NO TITLE AVAILABLE],article,https://doi.org/10.1590/s0102-64451989000100011,https://openalex.org/W4236842194
Lua_Nova,1990,[NO TITLE AVAILABLE],article,https://doi.org/10.1590/s0102-64451990000200011,https://openalex.org/W4213314122
Lua_Nova,1991,Apresentação,article,https://doi.org/10.1590/s0102-64451991000100002,https://openalex.org/W4229663456
Lua_Nova,1991,[NO TITLE AVAILABLE],article,https://doi.org/10.1590/s0102-64451991000100001,https://openalex.org/W4230547588
Lua_Nova,1992,Apresentação,article,https://doi.org/10.1590/s0102-64451992000200001,https://openalex.org/W4230354236
Lua_Nova,1993,Apresentação,article,https://doi.org/10.1590/s0102-64451993000200001,https://openalex.org/W4232266545
Lua_Nova,1993,Errata,article,https://doi.org/10.1590/s0102-64451993000100018,https://openalex.org/W4242874899
Lua_Nova,1994,[NO TITLE AVAILABLE],article,https://doi.org/10.1590/s0102-64451994000100007,https://openalex.org/W4236702226
Lua_Nova,1994,Apresentação,article,https://doi.org/10.1590/s0102-64451994000100001,https://openalex.org/W4230642631
Lua_Nova,1995,Apresentação,article,https://doi.org/10.1590/s0102-64451995000200001,https://openalex.org/W4235235724
Lua_Nova,1996,Apresentação,article,https://doi.org/10.1590/s0102-64451996000200001,https://openalex.org/W4205378771
Lua_Nova,1997,Apresentação,article,https://doi.org/10.1590/s0102-64451997000200001,https://openalex.org/W4232726879
DADOS_Revista_de_Ciencias_Sociais,1997,"SUMÁRIO do Vol. 40, nos. 1, 2 e 3, 1997",article,https://doi.org/10.1590/s0011-52581997000300009,https://openalex.org/W4213040585
DADOS_Revista_de_Ciencias_Sociais,1997,[NO TITLE AVAILABLE],article,https://doi.org/10.1590/s0011-52581997000300011,https://openalex.org/W4213107711
DADOS_Revista_de_Ciencias_Sociais,1997,NOTA EDITORIAL,article,https://doi.org/10.1590/s0011-52581997000300001,https://openalex.org/W4213195288
Revista_de_Sociologia_e_Politica,1999,[NO TITLE AVAILABLE],article,https://doi.org/10.1590/s0104-44781999000100010,https://openalex.org/W4236114762
Lua_Nova,1999,Apresentação,article,https://doi.org/10.1590/s0102-64451999000300001,https://openalex.org/W4238314755
DADOS_Revista_de_Ciencias_Sociais,2000,Nota editorial,article,https://doi.org/10.1590/s0011-52582000000400001,https://openalex.org/W4213002830
Lua_Nova,2000,Apresentação,article,https://doi.org/10.1590/s0102-64452000000100001,https://openalex.org/W4231241053
Revista_de_Sociologia_e_Politica,2001,Apresentação,article,https://doi.org/10.1590/s0104-44782001000100002,https://openalex.org/W4232060359
Revista_de_Sociologia_e_Politica,2001,[NO TITLE AVAILABLE],article,https://doi.org/10.1590/s0104-44782001000100001,https://openalex.org/W4254946493
Lua_Nova,2001,Apresentação,article,https://doi.org/10.1590/s0102-64452001000300001,https://openalex.org/W4212823366
Opiniao_Publica,2002,[NO TITLE AVAILABLE],article,https://doi.org/10.1590/s0104-62762002000200009,https://openalex.org/W4242904730
Lua_Nova,2002,Errata,article,https://doi.org/10.1590/s0102-64452002000200009,https://openalex.org/W4206175054
Revista_de_Sociologia_e_Politica,2002,[NO TITLE AVAILABLE],article,https://doi.org/10.1590/s0104-44782002000200011,https://openalex.org/W2078686798
Lua_Nova,2002,Apresentação,article,https://doi.org/10.1590/s0102-64452002000200001,https://openalex.org/W4249501407
Lua_Nova,2003,[NO TITLE AVAILABLE],article,https://doi.org/10.1590/s0102-64452003000100013,https://openalex.org/W1978449050
Revista_de_Sociologia_e_Politica,2003,[NO TITLE AVAILABLE],article,https://doi.org/10.1590/s0104-44782003000200012,https://openalex.org/W2047667160
Revista_de_Sociologia_e_Politica,2003,Apresentação,article,https://doi.org/10.1590/s0104-44782003000200002,https://openalex.org/W4243621437
Lua_Nova,2003,Apresentação,article,https://doi.org/10.1590/s0102-64452003000100001,https://openalex.org/W4214772785
Opiniao_Publica,2004,Nota do Editor,article,NA,https://openalex.org/W3133509747
Revista_de_Sociologia_e_Politica,2004,Apresentação,article,https://doi.org/10.1590/s0104-44782004000100002,https://openalex.org/W4238487179
Opiniao_Publica,2004,[NO TITLE AVAILABLE],article,https://doi.org/10.1590/s0104-62762004000200010,https://openalex.org/W4253352805
Lua_Nova,2004,Apresentação,article,https://doi.org/10.1590/s0102-64452004000300001,https://openalex.org/W4243657065
Lua_Nova,2005,Nota do editor,article,https://doi.org/10.1590/s0102-64452005000200007,https://openalex.org/W4235866614
Lua_Nova,2005,Apresentação,article,https://doi.org/10.1590/s0102-64452005000100001,https://openalex.org/W4245105301
Opiniao_Publica,2005,[NO TITLE AVAILABLE],article,https://doi.org/10.1590/s0104-62762005000200008,https://openalex.org/W4256170216
Revista_de_Sociologia_e_Politica,2005,Apresentação: outras abordagens de dois velhos conhecidos,article,https://doi.org/10.1590/s0104-44782005000200002,https://openalex.org/W2023466321
Revista_de_Sociologia_e_Politica,2005,Apresentação,article,https://doi.org/10.1590/s0104-44782005000100002,https://openalex.org/W4245840714
Revista_de_Sociologia_e_Politica,2006,Apresentação,article,https://doi.org/10.1590/s0104-44782006000200002,https://openalex.org/W4232676065
Lua_Nova,2006,Apresentação,article,https://doi.org/10.1590/s0102-64452006000300001,https://openalex.org/W4232175635
Opiniao_Publica,2006,[NO TITLE AVAILABLE],article,https://doi.org/10.1590/s0104-62762006000100008,https://openalex.org/W4205917310
Revista_de_Sociologia_e_Politica,2006,"Apresentação: Pierre Bourdieu e a profissão de sociólogo, na prática",article,https://doi.org/10.1590/s0104-44782006000100002,https://openalex.org/W2157534663
Revista_de_Sociologia_e_Politica,2007,Apresentação,article,https://doi.org/10.1590/s0104-44782007000100002,https://openalex.org/W4233461604
Opiniao_Publica,2007,[NO TITLE AVAILABLE],article,https://doi.org/10.1590/s0104-62762007000200008,https://openalex.org/W4245746374
Lua_Nova,2007,Apresentação,article,https://doi.org/10.1590/s0102-64452007000300001,https://openalex.org/W4232187998
Lua_Nova,2008,[NO TITLE AVAILABLE],article,https://doi.org/10.1590/s0102-64452008000100007,https://openalex.org/W2140190295
Revista_de_Sociologia_e_Politica,2008,Apresentação: por um retorno à Sociologia das Elites,article,https://doi.org/10.1590/s0104-44782008000100002,https://openalex.org/W2039101187
Opiniao_Publica,2008,[NO TITLE AVAILABLE],article,https://doi.org/10.1590/s0104-62762008000200010,https://openalex.org/W4235651341
Revista_de_Sociologia_e_Politica,2008,Apresentação,article,https://doi.org/10.1590/s0104-44782008000200002,https://openalex.org/W4252481383
Lua_Nova,2008,Apresentação,article,https://doi.org/10.1590/s0102-64452008000300001,https://openalex.org/W4213098631
Lua_Nova,2009,Apresentação,article,https://doi.org/10.1590/s0102-64452009000100001,https://openalex.org/W4214590299
Revista_de_Sociologia_e_Politica,2009,Apresentação: uma amostra das novas possibilidades de pesquisa sobre as relações entre as NTICS e a política,article,https://doi.org/10.1590/s0104-44782009000300002,https://openalex.org/W2078135182
Revista_de_Sociologia_e_Politica,2009,Apresentação,article,https://doi.org/10.1590/s0104-44782009000200002,https://openalex.org/W4244585865
Revista_de_Sociologia_e_Politica,2009,Errata,article,https://doi.org/10.1590/s0104-44782009000300022,https://openalex.org/W4246433015
Lua_Nova,2009,Errata,article,https://doi.org/10.1590/s0102-64452009000100008,https://openalex.org/W4246985118
Opiniao_Publica,2010,[NO TITLE AVAILABLE],article,https://doi.org/10.1590/s0104-62762010000100010,https://openalex.org/W4239597222
Lua_Nova,2010,Introdução ao dossiê,article,https://doi.org/10.1590/s0102-64452010000300002,https://openalex.org/W2038956119
Lua_Nova,2010,Apresentação,article,https://doi.org/10.1590/s0102-64452010000200001,https://openalex.org/W4236086717
DADOS_Revista_de_Ciencias_Sociais,2010,[NO TITLE AVAILABLE],article,https://doi.org/10.1590/s0011-52582010000400007,https://openalex.org/W4212834362
RBCP_Revista_Brasileira_de_Ciencia_Politica,2010,Nota dos editores,article,NA,https://openalex.org/W2173142863
Revista_de_Sociologia_e_Politica,2010,Apresentação,article,https://doi.org/10.1590/s0104-44782010000300002,https://openalex.org/W4248760927
DADOS_Revista_de_Ciencias_Sociais,2011,[NO TITLE AVAILABLE],article,https://doi.org/10.1590/s0011-52582011000100004,https://openalex.org/W1932368252
RBCP_Revista_Brasileira_de_Ciencia_Politica,2011,Apresentação,article,https://doi.org/10.1590/s0103-33522011000200001,https://openalex.org/W4232405471
RBCP_Revista_Brasileira_de_Ciencia_Politica,2011,[NO TITLE AVAILABLE],article,https://doi.org/10.1590/s0103-33522011000100016,https://openalex.org/W1969745067
Lua_Nova,2011,Introdução ao dossiê,article,https://doi.org/10.1590/s0102-64452011000100002,https://openalex.org/W4212781936
Opiniao_Publica,2011,[NO TITLE AVAILABLE],article,https://doi.org/10.1590/s0104-62762011000200010,https://openalex.org/W4246055892
Revista_de_Sociologia_e_Politica,2011,Apresentação,article,https://doi.org/10.1590/s0104-44782011000200002,https://openalex.org/W4214690193
Lua_Nova,2011,Apresentação,article,https://doi.org/10.1590/s0102-64452011000100001,https://openalex.org/W4239810408
Revista_de_Sociologia_e_Politica,2012,"Apresentação: Robert Michels, Gramsci e a ciência política contemporânea",article,https://doi.org/10.1590/s0104-44782012000400001,https://openalex.org/W1964627246
Lua_Nova,2012,[NO TITLE AVAILABLE],article,https://doi.org/10.1590/s0102-64452012000100001,https://openalex.org/W4239398115
Revista_de_Sociologia_e_Politica,2012,Errata,article,https://doi.org/10.1590/s0104-44782012000400014,https://openalex.org/W4214573437
DADOS_Revista_de_Ciencias_Sociais,2012,[NO TITLE AVAILABLE],article,https://doi.org/10.1590/s0011-52582012000400008,https://openalex.org/W4213344987
Opiniao_Publica,2012,[NO TITLE AVAILABLE],article,https://doi.org/10.1590/s0104-62762012000100012,https://openalex.org/W4234167345
RBCP_Revista_Brasileira_de_Ciencia_Politica,2012,Nota editorial,article,https://doi.org/10.1590/s0103-33522012000200001,https://openalex.org/W4232004943
RBCP_Revista_Brasileira_de_Ciencia_Politica,2012,Apresentação,article,https://doi.org/10.1590/s0103-33522012000100002,https://openalex.org/W4251411157
Revista_de_Sociologia_e_Politica,2012,[NO TITLE AVAILABLE],article,https://doi.org/10.1590/s0104-44782012000200002,https://openalex.org/W4243252046
Lua_Nova,2012,Apresentação,article,https://doi.org/10.1590/s0102-64452012000300001,https://openalex.org/W4232356802
DADOS_Revista_de_Ciencias_Sociais,2013,[NO TITLE AVAILABLE],article,https://doi.org/10.1590/s0011-52582013000300007,https://openalex.org/W2152898673
Opiniao_Publica,2013,[NO TITLE AVAILABLE],article,https://doi.org/10.1590/s0104-62762013000100010,https://openalex.org/W4241946365
RBCP_Revista_Brasileira_de_Ciencia_Politica,2013,[NO TITLE AVAILABLE],article,https://doi.org/10.1590/s0103-33522013000100010,https://openalex.org/W2091809542
Revista_de_Sociologia_e_Politica,2013,"Errata V. 21, N. 47",article,https://doi.org/10.1590/s0104-44782013000400011,https://openalex.org/W4229632294
Revista_de_Sociologia_e_Politica,2013,"ERRATA V. 21, N. 46",article,https://doi.org/10.1590/s0104-44782013000300011,https://openalex.org/W4245506373
Lua_Nova,2013,Apresentação,article,https://doi.org/10.1590/s0102-64452013000200001,https://openalex.org/W4237871524
RBCP_Revista_Brasileira_de_Ciencia_Politica,2014,[NO TITLE AVAILABLE],article,https://doi.org/10.1590/0103-335220141411,https://openalex.org/W1993741274
Revista_de_Sociologia_e_Politica,2014,"Apresentação do dossiê ""elites em diferentes escalas: teoria e metodologia no estudo dos grupos dirigentes""",article,https://doi.org/10.1590/1678-987314225201,https://openalex.org/W2167062467
Lua_Nova,2014,Apresentação,article,https://doi.org/10.1590/s0102-64452014000200001,https://openalex.org/W4235250944
DADOS_Revista_de_Ciencias_Sociais,2014,NOTA EDITORIAL,article,https://doi.org/10.1590/00115258201418,https://openalex.org/W4212975776
Revista_de_Sociologia_e_Politica,2015,"Apresentação de dossiê: Estado, mercado e desenvolvimento",article,https://doi.org/10.1590/1678-987315235501,https://openalex.org/W1871788846
Lua_Nova,2015,APRESENTAÇÃO,article,https://doi.org/10.1590/0102-6445007-008/95,https://openalex.org/W4240018012
RBCP_Revista_Brasileira_de_Ciencia_Politica,2015,Apresentação: Feminismo e antirracismo,article,https://doi.org/10.1590/0103-335220151601,https://openalex.org/W2275881497
Lua_Nova,2016,APRESENTAÇÃO,article,https://doi.org/10.1590/0102-6445007-013/98,https://openalex.org/W4244858768
DADOS_Revista_de_Ciencias_Sociais,2016,Nota Editorial,article,https://doi.org/10.1590/00115258201669,https://openalex.org/W4212937225
RBCP_Revista_Brasileira_de_Ciencia_Politica,2016,Errata,article,https://doi.org/10.1590/0103-3352201518091,https://openalex.org/W4236383363
DADOS_Revista_de_Ciencias_Sociais,2016,Nota Editorial: Política e Fluxo Editorial da DADOS,article,https://doi.org/10.1590/00115258201678,https://openalex.org/W2520495989
RBCP_Revista_Brasileira_de_Ciencia_Politica,2016,Nota editorial,article,https://doi.org/10.1590/0103-335220161901,https://openalex.org/W4240502808
Revista_de_Sociologia_e_Politica,2016,Errata,article,https://doi.org/10.1590/1678-987316245905-err,https://openalex.org/W4238556931
DADOS_Revista_de_Ciencias_Sociais,2016,Errata,article,https://doi.org/10.1590/0011525820160001,https://openalex.org/W4213320275
Lua_Nova,2017,APRESENTAÇÃO,article,https://doi.org/10.1590/0102-005009/100,https://openalex.org/W4236482622
DADOS_Revista_de_Ciencias_Sociais,2019,ERRATA,article,https://doi.org/10.1590/001152582019001,https://openalex.org/W4235247339
Opiniao_Publica,2019,Errata: Os protestos no Brasil em tempos de crise (2011-2016),article,https://doi.org/10.1590/1807-01912019252472,https://openalex.org/W4237196232
Opiniao_Publica,2019,Errata,article,https://doi.org/10.1590/1807-019120192521,https://openalex.org/W4249537897
RBCP_Revista_Brasileira_de_Ciencia_Politica,2019,ERRATA: The effectiveness of the parliamentary front on sport in the Brazilian National Congress between the World Cup and the Olympic Games,article,https://doi.org/10.1590/0103-335220192904e,https://openalex.org/W4256411658
Revista_de_Sociologia_e_Politica,2019,Errata,article,https://doi.org/10.1590/1678-987319276902-er,https://openalex.org/W4235207197
Lua_Nova,2020,Errata,article,https://doi.org/10.1590/0102-000e01/108,https://openalex.org/W4243795423
RBCP_Revista_Brasileira_de_Ciencia_Politica,2021,ERRATA: Taxonomia das diretrizes para educação nos planos de governo dos elegíveis à Presidência da República Brasileira (2018),article,https://doi.org/10.1590/0103-3352.2021.35.240636e,https://openalex.org/W4250321758
Opiniao_Publica,2021,Errata,article,https://doi.org/10.1590/1807-01912019271325,https://openalex.org/W4235404182
DADOS_Revista_de_Ciencias_Sociais,2023,ERRATA,article,https://doi.org/10.1590/dados.2023.66.2.303e,https://openalex.org/W4377261416
RBCP_Revista_Brasileira_de_Ciencia_Politica,2023,ERRATA: Gênero na propaganda eleitoral: as candidatas dos pleitos majoritários de 2018 e o discurso protagonizado no Horário Gratuito Político Eleitoral (HGPE),article,https://doi.org/10.1590/0103-3352.2023.42.261713e,https://openalex.org/W4389495054
Revista_de_Sociologia_e_Politica,2023,Errata,article,https://doi.org/10.1590/1678-98732230e013-er,https://openalex.org/W4318220614
Lua_Nova,2024,Errata,article,https://doi.org/10.1590/0102-000e02/120,https://openalex.org/W4401398166
Lua_Nova,2025,Apresentação: transformações nas políticas públicas e nas mobilizações sociais,article,https://doi.org/10.1590/0102-014ec/124,https://openalex.org/W4413428713
