ano,area_nome,hhi_ies,gini_ies,gini_uf
1995,Antropologia / Arqueologia,0.16537113244932172,0.38957475994513024,0.3597883597883599
1995,Ciência Política / RI,0.16325785244704163,0.36036036036036045,0.30630630630630645
1995,Economia,0.06955699893422349,0.33923766816143497,0.5331838565022423
1995,Geografia,0.20822065981611682,0.39437984496124034,0.48966408268733846
1995,História,0.10407548755295684,0.4114166376609815,0.5641025641025641
1995,Sociologia,0.07625156184922947,0.3402792696025778,0.5193877551020408
1996,Antropologia / Arqueologia,0.18540861532660946,0.27184466019417464,0.325242718446602
1996,Ciência Política / RI,0.14406472648230892,0.2184065934065933,0.294871794871795
1996,Economia,0.08862879940047169,0.3231151615575807,0.5225352112676056
1996,Geografia,0.264658244250081,0.4314868804664724,0.5204081632653063
1996,História,0.09741010521447566,0.34123972169512967,0.5473118279569892
1996,Sociologia,0.08751731301939059,0.3583591331269349,0.5449561403508772
1997,Antropologia / Arqueologia,0.2034114302519361,0.429042904290429,0.5063649222065063
1997,Ciência Política / RI,0.1706406205113473,0.3860640301318268,0.4519774011299435
1997,Economia,0.07608401566393734,0.39113207547169804,0.5216981132075471
1997,Geografia,0.22781250000000003,0.5180555555555555,0.6109374999999999
1997,História,0.09893742621015347,0.4235209235209234,0.5888311688311688
1997,Sociologia,0.07839781537281748,0.3481141692150867,0.5802752293577983
1998,Antropologia / Arqueologia,0.15263528858955283,0.33824975417895764,0.40960809102402024
1998,Ciência Política / RI,0.15152990828666502,0.33033033033033044,0.3618618618618618
1998,Economia,0.08219797614336592,0.3616541353383459,0.5582706766917293
1998,Geografia,0.17644949621714653,0.4953728905824713,0.5455755156353957
1998,História,0.09491774549154841,0.4111668059036481,0.5847117794486216
1998,Sociologia,0.08321246108221468,0.4146536554151336,0.6203140830800405
1999,Antropologia / Arqueologia,0.15491675338189387,0.31899641577060933,0.3940092165898617
1999,Ciência Política / RI,0.13237311385459533,0.24691358024691348,0.25
1999,Economia,0.06333245501449226,0.33275907765703683,0.48275024295432445
1999,Geografia,0.1639810814684384,0.48303167420814486,0.5633484162895929
1999,História,0.09170953033399969,0.39942074776197994,0.5645076355976829
1999,Sociologia,0.07903840812100704,0.34197302300978566,0.5259631490787271
2000,Antropologia / Arqueologia,0.12238265224572434,0.24744525547445254,0.3001824817518248
2000,Ciência Política / RI,0.15236294896030245,0.31497584541062806,0.381159420289855
2000,Economia,0.0663907150393637,0.41103603603603595,0.4478228228228227
2000,Geografia,0.14817051080787344,0.5378151260504201,0.5680708180708182
2000,História,0.07625156184922949,0.4237476808905382,0.6268707482993197
2000,Sociologia,0.07497172212272599,0.3788834951456311,0.5754294249439881
2001,Antropologia / Arqueologia,0.1547361591695502,0.33660130718954245,0.3445378151260505
2001,Ciência Política / RI,0.1478877471305811,0.2997416020671834,0.35788113695090445
2001,Economia,0.0581185595567867,0.3376315789473683,0.4847368421052633
2001,Geografia,0.11965086292402301,0.45501242750621385,0.5687793427230048
2001,História,0.0751906837170871,0.4176021876799079,0.5677892918825561
2001,Sociologia,0.07877663422716984,0.378191856452726,0.5715347454477888
2002,Antropologia / Arqueologia,0.13495022148151395,0.28675496688741725,0.35678807947019875
2002,Ciência Política / RI,0.11879017013232515,0.3114624505928854,0.3173913043478261
2002,Economia,0.06082977294266671,0.39075306479859906,0.49548699986528366
2002,Geografia,0.09728790995400607,0.4215236076769104,0.5249280920421862
2002,História,0.0691978086374951,0.40974564926372153,0.5624549479971166
2002,Sociologia,0.05762280000796249,0.347655986509275,0.47350036135870865
2003,Antropologia / Arqueologia,0.12125303807723467,0.30830039525691705,0.37819185645272607
2003,Ciência Política / RI,0.12389142703574307,0.33383010432190763,0.35610200364298716
2003,Economia,0.06652419794200475,0.44885605827434094,0.5062859578095035
2003,Geografia,0.07880895126547341,0.36457642847673344,0.468513853904282
2003,História,0.06029714332978361,0.34508038585208994,0.5414296314617858
2003,Sociologia,0.051889721198525876,0.3048523206751054,0.49071729957805915
2004,Antropologia / Arqueologia,0.12041580578512397,0.27479338842975215,0.38257575757575757
2004,Ciência Política / RI,0.10768956924172304,0.3309143686502177,0.2987421383647799
2004,Economia,0.05128338228263097,0.36027154663518296,0.5027336300063574
2004,Geografia,0.06469012397097917,0.3843044464162477,0.510355253212396
2004,História,0.05229242629570565,0.3220408402082968,0.5589031821259309
2004,Sociologia,0.05595054566108159,0.3396619304262617,0.4732974032337091
2005,Antropologia / Arqueologia,0.12343815077051229,0.2602040816326531,0.24872448979591844
2005,Ciência Política / RI,0.10205314009661837,0.3121516164994426,0.32850241545893716
2005,Economia,0.04662184392745648,0.3513470681458003,0.49320805976907395
2005,Geografia,0.04968178358424963,0.30369347099025745,0.4483931947069943
2005,História,0.049209983111277916,0.3326405290505432,0.5853881278538812
2005,Sociologia,0.04804147749197461,0.32187201528175746,0.5400303387830777
2006,Antropologia / Arqueologia,0.12453831948291783,0.27368421052631575,0.32456140350877183
2006,Ciência Política / RI,0.099703241222492,0.28177557209815274,0.2789725209080049
2006,Economia,0.043002777427092534,0.323999297752809,0.5099394987035436
2006,Geografia,0.0603567957795363,0.3514334305150632,0.504001600640256
2006,História,0.048536261239078525,0.36928424025198214,0.6041183498489002
2006,Sociologia,0.046618149318522775,0.3453860640301317,0.5357261548687271
2007,Antropologia / Arqueologia,0.12564718934911243,0.3426573426573427,0.39209401709401703
2007,Ciência Política / RI,0.09795555555555556,0.22851851851851857,0.3444444444444444
2007,Economia,0.043261882608892355,0.35471120744613027,0.5705038299708706
2007,Geografia,0.05938443191161289,0.37042418823003403,0.5073886929163886
2007,História,0.04341869391314646,0.3283745052545381,0.5577468419695797
2007,Sociologia,0.040822070091255123,0.30528846153846145,0.48104228428772045
2008,Antropologia / Arqueologia,0.10571382193003814,0.34234234234234234,0.42342342342342343
2008,Ciência Política / RI,0.09133472057074911,0.29371921182266014,0.34626436781609193
2008,Economia,0.04097300389922948,0.38673586304509,0.5866583541147132
2008,Geografia,0.044088172602416716,0.31357839459864967,0.4904240766073872
2008,História,0.041853574221161365,0.40284002453177326,0.5461671587091521
2008,Sociologia,0.04160753134765239,0.33011468738438765,0.4597854236034036
2009,Antropologia / Arqueologia,0.10105066465603435,0.38758434547908227,0.46794871794871806
2009,Ciência Política / RI,0.09068960313867512,0.315839243498818,0.3108747044917258
2009,Economia,0.043296660227877155,0.40817960817960813,0.5712301587301587
2009,Geografia,0.04365773520292471,0.29457725947521873,0.4753311851056213
2009,História,0.03356131674186201,0.3702860670125961,0.5397719139189769
2009,Sociologia,0.042650267804007144,0.3545869813475447,0.4899582681272822
2010,Antropologia / Arqueologia,0.09788136161762535,0.3388278388278389,0.44755244755244755
2010,Ciência Política / RI,0.06919645256651438,0.23413693346190936,0.3520491803278689
2010,Economia,0.042247615299563356,0.4155289155289155,0.6111535523300229
2010,Geografia,0.03793149162899927,0.27889447236180903,0.4790201005025125
2010,História,0.03466458964100346,0.3629201680672269,0.5587267801857586
2010,Sociologia,0.04263106034708118,0.3641982789964853,0.5358744394618834
2011,Antropologia / Arqueologia,0.07941451261289317,0.28922064777327927,0.4173154780442229
2011,Ciência Política / RI,0.07599422119040602,0.36150698461972636,0.4882037533512065
2011,Economia,0.04100348419881444,0.4309707673879247,0.6002827463273711
2011,Geografia,0.043508960491420265,0.3572996706915478,0.5190450054884742
2011,História,0.03400774239668397,0.3740341637503899,0.5503529622017692
2011,Sociologia,0.03477889429641819,0.27844908128308943,0.49978199937714113
2012,Antropologia / Arqueologia,0.08300616042644196,0.36812369907820397,0.4735169491525424
2012,Ciência Política / RI,0.06781245463782842,0.41634363541120994,0.4630887185104051
2012,Economia,0.042513479070679344,0.4104196133899104,0.6012101210121013
2012,Geografia,0.041382803333329485,0.3361693707954096,0.49393125671321164
2012,História,0.02957209359532728,0.3523894665851096,0.5554862842892767
2012,Sociologia,0.03142481624743741,0.3151439359322767,0.4789636967288957
2013,Antropologia / Arqueologia,0.07076698319941564,0.3483783783783784,0.43338632750397466
2013,Ciência Política / RI,0.05725684104062483,0.2860517860517861,0.43399168399168414
2013,Economia,0.039507191562522206,0.38352704624589284,0.5844490216271885
2013,Geografia,0.03782958359275128,0.3502176864379008,0.5333388967704247
2013,História,0.030927444039679956,0.37315028654520566,0.5627020785219401
2013,Sociologia,0.03007178210798917,0.30763870155561546,0.4699880264459369
2014,Antropologia / Arqueologia,0.06662710537612686,0.31107920555156743,0.38723026899201896
2014,Ciência Política / RI,0.05486292293513199,0.3394004282655247,0.41146433865919935
2014,Economia,0.04132581360946746,0.42220695970695976,0.5973290598290598
2014,Geografia,0.034690110245005214,0.34260001782054716,0.4961685823754789
2014,História,0.027318702650358365,0.35812978352572694,0.5568351171927923
2014,Sociologia,0.029256937518228204,0.3041113219481341,0.49677419354838703
2015,Antropologia / Arqueologia,0.06636189208238703,0.30235988200589975,0.4294638209266008
2015,Ciência Política / RI,0.058114465920233976,0.3802286574929828,0.504753102719831
2015,Economia,0.044158629289105224,0.44116832779623477,0.6261969904240765
2015,Geografia,0.034050995116726095,0.3600377184204449,0.5157751352943343
2015,História,0.02703549760961173,0.34591134064988155,0.5649099125535535
2015,Sociologia,0.03027646099099446,0.32250438496148864,0.5217613927291345
2016,Antropologia / Arqueologia,0.05945644718792867,0.29545454545454547,0.4089506172839506
2016,Ciência Política / RI,0.04344531040042999,0.326639344262295,0.4704918032786886
2016,Economia,0.0396584843066991,0.4229194267132363,0.637993876658405
2016,Geografia,0.02948865039635871,0.3247980571247559,0.512027846705266
2016,História,0.024789428405303918,0.3555640243902438,0.5565527765563977
2016,Sociologia,0.028604650026626016,0.306866456922448,0.5182798265505032
2017,Antropologia / Arqueologia,0.05755333922484535,0.3005373717635565,0.4236546422235364
2017,Ciência Política / RI,0.04732856332533909,0.34130456904446943,0.5211807120324471
2017,Economia,0.03921840688779581,0.4447310243183493,0.6079605794146383
2017,Geografia,0.027611367148915097,0.315717026168197,0.5074234503360716
2017,História,0.022913814529193607,0.32329858857884486,0.5649070338289649
2017,Sociologia,0.0289003261336246,0.3203631404927802,0.49650905138174667
2018,Antropologia / Arqueologia,0.0632493827160494,0.3435748792270531,0.464561403508772
2018,Ciência Política / RI,0.04274184849849945,0.3765743073047858,0.5032745591939547
2018,Economia,0.03679392384688899,0.4421151439299123,0.6091825307950728
2018,Geografia,0.027328031995500632,0.3276757343253508,0.468740333390617
2018,História,0.021814345374715535,0.3567040982819848,0.5728476821192053
2018,Sociologia,0.026860735877905426,0.2820145031476612,0.503149472250596
2019,Antropologia / Arqueologia,0.05000405493079585,0.3559837728194725,0.39973262032085555
2019,Ciência Política / RI,0.05289646905701116,0.43224205555110856,0.4796343094990337
2019,Economia,0.03452580954216187,0.4348038318384282,0.6258562386196133
2019,Geografia,0.02750571239978624,0.3440909216449857,0.47266219239373614
2019,História,0.021642256072975194,0.3491385112397361,0.5799008390541571
2019,Sociologia,0.027693826454679996,0.3127658766332422,0.5087467986282935
2020,Antropologia / Arqueologia,0.04832882639264467,0.3385725741780274,0.4211416490486257
2020,Ciência Política / RI,0.038796890009113225,0.36521930791271767,0.4905853458862054
2020,Economia,0.036029853975121685,0.4547991543340381,0.6125826193390452
2020,Geografia,0.024963286517567435,0.3204188669756081,0.4596265761396703
2020,História,0.02082768605067884,0.3588722562249588,0.5433633895675781
2020,Sociologia,0.02711958863123446,0.32588469184890667,0.544279775890114
2021,Antropologia / Arqueologia,0.042669785776124076,0.30832064239235785,0.3687085446742099
2021,Ciência Política / RI,0.04067913699649272,0.40557638238050603,0.5635738831615119
2021,Economia,0.03489603024574669,0.4615892053973013,0.6046681922196796
2021,Geografia,0.020564794975569387,0.31857031857031864,0.44852369852369844
2021,História,0.019965381687247725,0.37843909555069294,0.5373814733770971
2021,Sociologia,0.026768541119185005,0.30797395410763695,0.4925003640599969
2022,Antropologia / Arqueologia,0.0461400941944352,0.3705723819301847,0.43765167071121913
2022,Ciência Política / RI,0.037624298995069444,0.36216768916155423,0.48294478527607365
2022,Economia,0.03739020745599565,0.48073826522861923,0.606909343844192
2022,Geografia,0.019760679521359042,0.28196244700181716,0.4224555263925343
2022,História,0.01854105708087873,0.3741056703907151,0.5471628016112001
2022,Sociologia,0.02675705636789997,0.3138780196349494,0.4682084085069159
2023,Antropologia / Arqueologia,0.0443609977324263,0.3208602150537634,0.37047619047619046
2023,Ciência Política / RI,0.03533203083522691,0.35807548825982005,0.5391705069124425
2023,Economia,0.0403309562838543,0.49015568398639503,0.6262609209471152
2023,Geografia,0.02005918367346939,0.3277731092436975,0.4706878306878308
2023,História,0.01964726631393298,0.3986151936769221,0.5611992945326278
2023,Sociologia,0.02525100514364008,0.25835308056872036,0.47619047619047616
2024,Antropologia / Arqueologia,0.04864343633574403,0.36789529914529906,0.4369075369075368
2024,Ciência Política / RI,0.03436639694662571,0.3470677692234579,0.4906187624750499
2024,Economia,0.034282451325314524,0.4622390339710483,0.5826067314208268
2024,Geografia,0.020687692901234567,0.33119817578772803,0.47186213991769543
2024,História,0.020076504682614196,0.34555653069790515,0.5289805013927577
2024,Sociologia,0.02869478458049887,0.3018633540372671,0.4947845804988663
