fonte,k_num,topico,ano,estimativa,ic_inf,ic_sup
composição fixa,1,"T1: Políticas Públicas, Educação e Saúde",1984,0.07166326149758229,-0.02932668357839621,0.1765992974933279
composição fixa,1,"T1: Políticas Públicas, Educação e Saúde",1985,0.06355839028945119,-0.017610067455383984,0.14739879906501074
composição fixa,1,"T1: Políticas Públicas, Educação e Saúde",1986,0.05694269404012898,-0.00753727122646783,0.12229051053863768
composição fixa,1,"T1: Políticas Públicas, Educação e Saúde",1987,0.051700743121113724,0.001724700520974241,0.10198587296405906
composição fixa,1,"T1: Políticas Públicas, Educação e Saúde",1988,0.04771710790390355,0.009746441271205658,0.0861349895359961
composição fixa,1,"T1: Políticas Públicas, Educação e Saúde",1989,0.04487635875999652,0.016744602941802578,0.07364296430502554
composição fixa,1,"T1: Políticas Públicas, Educação e Saúde",1990,0.043063066060890755,0.02114472551309597,0.06515829207145966
composição fixa,1,"T1: Políticas Públicas, Educação e Saúde",1991,0.042161800178084345,0.023371953377871048,0.06053657615775937
composição fixa,1,"T1: Políticas Públicas, Educação e Saúde",1992,0.04205713148307538,0.025061982609000305,0.05863734990477296
composição fixa,1,"T1: Políticas Públicas, Educação e Saúde",1993,0.04263363034736198,0.02687397468046078,0.05839755116916978
composição fixa,1,"T1: Políticas Públicas, Educação e Saúde",1994,0.043775867142442214,0.029066932096487436,0.058699807316761554
composição fixa,1,"T1: Políticas Públicas, Educação e Saúde",1995,0.0453684122398142,0.03156994798280949,0.059362491036394946
composição fixa,1,"T1: Políticas Públicas, Educação e Saúde",1996,0.04729583601097601,0.03435953204948215,0.060655896062205686
composição fixa,1,"T1: Políticas Públicas, Educação e Saúde",1997,0.049442708827425776,0.03674601037852325,0.06173097570479322
composição fixa,1,"T1: Políticas Públicas, Educação e Saúde",1998,0.051693601060661565,0.03979986416604653,0.06336891659292367
composição fixa,1,"T1: Políticas Públicas, Educação e Saúde",1999,0.053933083082181484,0.0419856000087831,0.06559552635433981
composição fixa,1,"T1: Políticas Públicas, Educação e Saúde",2000,0.05604572526348363,0.04377657236822024,0.06790313906154045
composição fixa,1,"T1: Políticas Públicas, Educação e Saúde",2001,0.057916097976066096,0.045159658068501585,0.06993904198042283
composição fixa,1,"T1: Políticas Públicas, Educação e Saúde",2002,0.05942877159142699,0.046673329814198694,0.07201912236535582
composição fixa,1,"T1: Políticas Públicas, Educação e Saúde",2003,0.06046831648106439,0.0475856486821999,0.07307334166524546
composição fixa,1,"T1: Políticas Públicas, Educação e Saúde",2004,0.06091930301647641,0.048604064733695836,0.07310906252144492
composição fixa,1,"T1: Políticas Públicas, Educação e Saúde",2005,0.060781694205811414,0.04942360114697264,0.07213804282830458
composição fixa,1,"T1: Políticas Públicas, Educação e Saúde",2006,0.06051702360381884,0.049604887029586084,0.07196495750782486
composição fixa,1,"T1: Políticas Públicas, Educação e Saúde",2007,0.060702217401898406,0.049343676361174406,0.0722300222682926
composição fixa,1,"T1: Políticas Públicas, Educação e Saúde",2008,0.061914201791449824,0.05020234342732506,0.0732805713451331
composição fixa,1,"T1: Políticas Públicas, Educação e Saúde",2009,0.06472990296387282,0.053269746426436594,0.076247069554985
composição fixa,1,"T1: Políticas Públicas, Educação e Saúde",2010,0.06972624711056709,0.059176483878618305,0.0804798024098273
composição fixa,1,"T1: Políticas Públicas, Educação e Saúde",2011,0.07710233828869406,0.068048377093276,0.0866772342404866
composição fixa,1,"T1: Políticas Públicas, Educação e Saúde",2012,0.08554599201846202,0.07596495587149213,0.09543361635896189
composição fixa,1,"T1: Políticas Públicas, Educação e Saúde",2013,0.09336720168584098,0.08279917786194234,0.1040729893222081
composição fixa,1,"T1: Políticas Públicas, Educação e Saúde",2014,0.09887596067680089,0.08917147960205626,0.10822946243322829
composição fixa,1,"T1: Políticas Públicas, Educação e Saúde",2015,0.10150565707080257,0.09255862037021154,0.11038029818254351
composição fixa,1,"T1: Políticas Públicas, Educação e Saúde",2016,0.10518325772126996,0.09457013228284375,0.11562325056924558
composição fixa,1,"T1: Políticas Públicas, Educação e Saúde",2017,0.11320009534255464,0.10401013915748401,0.12267079082214594
composição fixa,1,"T1: Políticas Públicas, Educação e Saúde",2018,0.12181138731875558,0.11190419604132296,0.13231326978625646
composição fixa,1,"T1: Políticas Públicas, Educação e Saúde",2019,0.12551332220140862,0.11484999807257378,0.13637006915850136
composição fixa,1,"T1: Políticas Públicas, Educação e Saúde",2020,0.12172426733974916,0.10985226352383781,0.1323699254529038
composição fixa,1,"T1: Políticas Públicas, Educação e Saúde",2021,0.11955130527381086,0.10677071135014177,0.13211540331071142
composição fixa,1,"T1: Políticas Públicas, Educação e Saúde",2022,0.12429554400259349,0.1084270454775365,0.14004530135104304
composição fixa,1,"T1: Políticas Públicas, Educação e Saúde",2023,0.11434547817016254,0.09871000266974891,0.12939084974257192
composição fixa,1,"T1: Políticas Públicas, Educação e Saúde",2024,0.11834766125581071,0.10379944065189436,0.1328891528165107
composição fixa,2,"T2: Política Externa, Cooperação e Integração Regional",1984,0.12373333844588288,0.008120691718293667,0.24234132348607879
composição fixa,2,"T2: Política Externa, Cooperação e Integração Regional",1985,0.11393222833986778,0.02358609839578729,0.20877980453057696
composição fixa,2,"T2: Política Externa, Cooperação e Integração Regional",1986,0.10592614167913036,0.03485530441173847,0.17969741955587318
composição fixa,2,"T2: Política Externa, Cooperação e Integração Regional",1987,0.09958777270079558,0.0451617703419764,0.15594187653046443
composição fixa,2,"T2: Política Externa, Cooperação e Integração Regional",1988,0.09478981564198839,0.05415438105230337,0.1378706337934267
composição fixa,2,"T2: Política Externa, Cooperação e Integração Regional",1989,0.09140496473983373,0.060400361696941476,0.12364624734371435
composição fixa,2,"T2: Política Externa, Cooperação e Integração Regional",1990,0.08930591423145653,0.06461937493132512,0.11480681328808261
composição fixa,2,"T2: Política Externa, Cooperação e Integração Regional",1991,0.08836535835398181,0.06695655883160585,0.10876216863946679
composição fixa,2,"T2: Política Externa, Cooperação e Integração Regional",1992,0.08845599134453444,0.06885001319517929,0.10686074312984774
composição fixa,2,"T2: Política Externa, Cooperação e Integração Regional",1993,0.08945050744023943,0.0711530980319236,0.10689375068675452
composição fixa,2,"T2: Política Externa, Cooperação e Integração Regional",1994,0.09122160087822169,0.07380514739511637,0.10760949707202921
composição fixa,2,"T2: Política Externa, Cooperação e Integração Regional",1995,0.0936419658956062,0.07737738116005513,0.1092611848043788
composição fixa,2,"T2: Política Externa, Cooperação e Integração Regional",1996,0.09658429672951789,0.08176605001221773,0.11134766132312665
composição fixa,2,"T2: Política Externa, Cooperação e Integração Regional",1997,0.09992128761708172,0.08611249992787966,0.11349785066255538
composição fixa,2,"T2: Política Externa, Cooperação e Integração Regional",1998,0.10352563279542264,0.09054771552787079,0.11608626638732693
composição fixa,2,"T2: Política Externa, Cooperação e Integração Regional",1999,0.10727002650166559,0.09473762751415107,0.11947728759853998
composição fixa,2,"T2: Política Externa, Cooperação e Integração Regional",2000,0.11102716297293554,0.09848291102780729,0.1237393580059592
composição fixa,2,"T2: Política Externa, Cooperação e Integração Regional",2001,0.11466973644635742,0.10180963600454748,0.12776683845823802
composição fixa,2,"T2: Política Externa, Cooperação e Integração Regional",2002,0.1180704411590562,0.10440482779904198,0.1317488600880211
composição fixa,2,"T2: Política Externa, Cooperação e Integração Regional",2003,0.12110197134815681,0.10721713941225525,0.13449111711250117
composição fixa,2,"T2: Política Externa, Cooperação e Integração Regional",2004,0.12363702125078421,0.10998672027807967,0.13700421967180668
composição fixa,2,"T2: Política Externa, Cooperação e Integração Regional",2005,0.1255743846723794,0.11290137391408965,0.13827878495631174
composição fixa,2,"T2: Política Externa, Cooperação e Integração Regional",2006,0.12691725369164764,0.11453850571784066,0.14030257002786767
composição fixa,2,"T2: Política Externa, Cooperação e Integração Regional",2007,0.12769491995561016,0.11512756670317714,0.1417348947942676
composição fixa,2,"T2: Política Externa, Cooperação e Integração Regional",2008,0.12793667511128828,0.1149908376057059,0.14314136000501554
composição fixa,2,"T2: Política Externa, Cooperação e Integração Regional",2009,0.1276718108057033,0.1146099266558534,0.14315587839848892
composição fixa,2,"T2: Política Externa, Cooperação e Integração Regional",2010,0.1269296186858765,0.11471621402244234,0.1410839308412949
composição fixa,2,"T2: Política Externa, Cooperação e Integração Regional",2011,0.12565348577378813,0.11481159609572344,0.13738196437848801
composição fixa,2,"T2: Política Externa, Cooperação e Integração Regional",2012,0.12344318059125468,0.11236674692488008,0.13467178221505768
composição fixa,2,"T2: Política Externa, Cooperação e Integração Regional",2013,0.11981256703505155,0.10797198631714937,0.13195410079939213
composição fixa,2,"T2: Política Externa, Cooperação e Integração Regional",2014,0.11427550900195421,0.10309600291667487,0.12539629005342173
composição fixa,2,"T2: Política Externa, Cooperação e Integração Regional",2015,0.10670608181751938,0.09690467808949393,0.11661831749588703
composição fixa,2,"T2: Política Externa, Cooperação e Integração Regional",2016,0.09841920652242903,0.08717862419737665,0.10958032591957098
composição fixa,2,"T2: Política Externa, Cooperação e Integração Regional",2017,0.09094105581883546,0.0810012662824357,0.10087614232215905
composição fixa,2,"T2: Política Externa, Cooperação e Integração Regional",2018,0.08520196333964714,0.07503189242077338,0.09580276179744157
composição fixa,2,"T2: Política Externa, Cooperação e Integração Regional",2019,0.08198330295046154,0.07208607311008369,0.09255944758886944
composição fixa,2,"T2: Política Externa, Cooperação e Integração Regional",2020,0.08075168205714345,0.0696000016135542,0.09152695583195364
composição fixa,2,"T2: Política Externa, Cooperação e Integração Regional",2021,0.07571464222662681,0.06277024615480938,0.08781753009926771
composição fixa,2,"T2: Política Externa, Cooperação e Integração Regional",2022,0.06483195382932334,0.05161920932224129,0.0779190559816257
composição fixa,2,"T2: Política Externa, Cooperação e Integração Regional",2023,0.06633136828848703,0.052382692479072734,0.0804420377386774
composição fixa,2,"T2: Política Externa, Cooperação e Integração Regional",2024,0.055153903114030185,0.04171212824680885,0.0681458110588529
composição fixa,3,T3: Economia Política Internacional e Desenvolvimento,1984,0.07765251858482114,-0.03602515760272047,0.188267273092337
composição fixa,3,T3: Economia Política Internacional e Desenvolvimento,1985,0.0849069328820397,-0.004644841671056587,0.1720451807383968
composição fixa,3,T3: Economia Política Internacional e Desenvolvimento,1986,0.09128019317669463,0.02101499758888563,0.1591574645671779
composição fixa,3,T3: Economia Política Internacional e Desenvolvimento,1987,0.09681522788678092,0.04186814889869699,0.1492961448021416
composição fixa,3,T3: Economia Política Internacional e Desenvolvimento,1988,0.10155496543029349,0.05999906930870903,0.1418613344302566
composição fixa,3,T3: Economia Política Internacional e Desenvolvimento,1989,0.10554233422522731,0.07429415701357348,0.13603847729735988
composição fixa,3,T3: Economia Política Internacional e Desenvolvimento,1990,0.10882026268957733,0.08445315109402235,0.13277441407139282
composição fixa,3,T3: Economia Política Internacional e Desenvolvimento,1991,0.11143167924133847,0.09149077241253845,0.13129158643308575
composição fixa,3,T3: Economia Política Internacional e Desenvolvimento,1992,0.1134195122985057,0.09548182442435951,0.13116573038139867
composição fixa,3,T3: Economia Política Internacional e Desenvolvimento,1993,0.11482669027907398,0.09826775267474569,0.13149612549262102
composição fixa,3,T3: Economia Política Internacional e Desenvolvimento,1994,0.11569614160103824,0.0998505988433665,0.1314513516513363
composição fixa,3,T3: Economia Política Internacional e Desenvolvimento,1995,0.11607079468239344,0.10117289229377549,0.13145580223572984
composição fixa,3,T3: Economia Política Internacional e Desenvolvimento,1996,0.11599357794113453,0.1019550075813645,0.1305844106082049
composição fixa,3,T3: Economia Política Internacional e Desenvolvimento,1997,0.11550741979525644,0.10268062167405434,0.12907024853696725
composição fixa,3,T3: Economia Política Internacional e Desenvolvimento,1998,0.11465524866275416,0.10231237864507793,0.1274416627627013
composição fixa,3,T3: Economia Política Internacional e Desenvolvimento,1999,0.1134799929616226,0.1018334105016897,0.12558085818576398
composição fixa,3,T3: Economia Política Internacional e Desenvolvimento,2000,0.11202458110985672,0.10039932517949618,0.12383410403705714
composição fixa,3,T3: Economia Política Internacional e Desenvolvimento,2001,0.11033194152545148,0.09791475566383492,0.12249359684396838
composição fixa,3,T3: Economia Política Internacional e Desenvolvimento,2002,0.10844500262640182,0.09572592106627681,0.12055698548202834
composição fixa,3,T3: Economia Política Internacional e Desenvolvimento,2003,0.1064066928307027,0.09369371821927124,0.11852025020989854
composição fixa,3,T3: Economia Política Internacional e Desenvolvimento,2004,0.10425994055634906,0.09216119124922822,0.1163230414534841
composição fixa,3,T3: Economia Política Internacional e Desenvolvimento,2005,0.10203830665906372,0.09070578355476555,0.11341683694711963
composição fixa,3,T3: Economia Política Internacional e Desenvolvimento,2006,0.09973788174548101,0.08906826627397169,0.1110304005356812
composição fixa,3,T3: Economia Política Internacional e Desenvolvimento,2007,0.09734538885996316,0.08678855560015034,0.1087634514778052
composição fixa,3,T3: Economia Política Internacional e Desenvolvimento,2008,0.09484755104687236,0.08399155742718308,0.1062423997878773
composição fixa,3,T3: Economia Política Internacional e Desenvolvimento,2009,0.09223109135057078,0.08122078916755707,0.10370497397176698
composição fixa,3,T3: Economia Política Internacional e Desenvolvimento,2010,0.08948273281542068,0.07913878244269763,0.09995222946513695
composição fixa,3,T3: Economia Política Internacional e Desenvolvimento,2011,0.08665603805924736,0.07697964648370503,0.0960871170362706
composição fixa,3,T3: Economia Política Internacional e Desenvolvimento,2012,0.08407192799372858,0.07381707121153383,0.0935977624179264
composição fixa,3,T3: Economia Política Internacional e Desenvolvimento,2013,0.08211816310400519,0.07143836194157072,0.092444205276699
composição fixa,3,T3: Economia Política Internacional e Desenvolvimento,2014,0.08118250387521807,0.07150627031422767,0.09033920681989868
composição fixa,3,T3: Economia Política Internacional e Desenvolvimento,2015,0.08129867342066319,0.07247894950501613,0.08990309737899549
composição fixa,3,T3: Economia Política Internacional e Desenvolvimento,2016,0.08108424536625689,0.07108667219105722,0.09145879337263606
composição fixa,3,T3: Economia Política Internacional e Desenvolvimento,2017,0.07935161725186257,0.07040175081588748,0.08815721204690072
composição fixa,3,T3: Economia Política Internacional e Desenvolvimento,2018,0.0771086317605116,0.06757342566983165,0.08640998444897974
composição fixa,3,T3: Economia Política Internacional e Desenvolvimento,2019,0.07591199286102727,0.06631409093136018,0.08579470719862164
composição fixa,3,T3: Economia Política Internacional e Desenvolvimento,2020,0.07654910349643472,0.06599859888764667,0.0868740408341262
composição fixa,3,T3: Economia Política Internacional e Desenvolvimento,2021,0.07673016250656625,0.06525865942348576,0.08746253571209
composição fixa,3,T3: Economia Política Internacional e Desenvolvimento,2022,0.07607374237066529,0.06368372938049652,0.08786697777019918
composição fixa,3,T3: Economia Política Internacional e Desenvolvimento,2023,0.08490911422881263,0.07135509638608542,0.09768978850818957
composição fixa,3,T3: Economia Política Internacional e Desenvolvimento,2024,0.07942031289001124,0.06641163952847529,0.09141693291923228
composição fixa,4,"T4: Defesa, Forças Armadas e Operações de Paz",1984,0.004570095652367808,-0.08202386032243345,0.0960753901217703
composição fixa,4,"T4: Defesa, Forças Armadas e Operações de Paz",1985,0.013902449878356675,-0.05451987791264905,0.08614855394097858
composição fixa,4,"T4: Defesa, Forças Armadas e Operações de Paz",1986,0.021542452384318046,-0.03179177261422502,0.07793345033957626
composição fixa,4,"T4: Defesa, Forças Armadas e Operações de Paz",1987,0.027630581837849593,-0.013720138053829257,0.07163154210969805
composição fixa,4,"T4: Defesa, Forças Armadas e Operações de Paz",1988,0.032307316906548963,0.0015579374048998993,0.06538457990930341
composição fixa,4,"T4: Defesa, Forças Armadas e Operações de Paz",1989,0.03571313625801383,0.012520221128094394,0.06112228743301387
composição fixa,4,"T4: Defesa, Forças Armadas e Operações de Paz",1990,0.03798851855984186,0.01933989684180494,0.05725902860904751
composição fixa,4,"T4: Defesa, Forças Armadas e Operações de Paz",1991,0.039273942479630695,0.023534992729445398,0.0552162066532755
composição fixa,4,"T4: Defesa, Forças Armadas e Operações de Paz",1992,0.039709886684978025,0.025102539151672067,0.05381165112475411
composição fixa,4,"T4: Defesa, Forças Armadas e Operações de Paz",1993,0.03943682984348149,0.025866768823760794,0.05290456295918616
composição fixa,4,"T4: Defesa, Forças Armadas e Operações de Paz",1994,0.03859525062273877,0.025944464556270568,0.05143489476610331
composição fixa,4,"T4: Defesa, Forças Armadas e Operações de Paz",1995,0.03732562769034751,0.02531920044441526,0.049405685649670864
composição fixa,4,"T4: Defesa, Forças Armadas e Operações de Paz",1996,0.035768439713905385,0.024501214729107098,0.04700161784377654
composição fixa,4,"T4: Defesa, Forças Armadas e Operações de Paz",1997,0.03406416536101005,0.023526563780939123,0.04448308483112606
composição fixa,4,"T4: Defesa, Forças Armadas e Operações de Paz",1998,0.032353283299259177,0.022634886160497664,0.04210673867294655
composição fixa,4,"T4: Defesa, Forças Armadas e Operações de Paz",1999,0.030776272196250416,0.021150438157264854,0.04026680033841208
composição fixa,4,"T4: Defesa, Forças Armadas e Operações de Paz",2000,0.02947361071958144,0.019940996783070958,0.039013621734336666
composição fixa,4,"T4: Defesa, Forças Armadas e Operações de Paz",2001,0.028585777536849908,0.018580286755786067,0.03851710011575771
composição fixa,4,"T4: Defesa, Forças Armadas e Operações de Paz",2002,0.02825325131565348,0.017862178184092997,0.038649382643736435
composição fixa,4,"T4: Defesa, Forças Armadas e Operações de Paz",2003,0.028616510723589825,0.01794180310599847,0.039346886062996064
composição fixa,4,"T4: Defesa, Forças Armadas e Operações de Paz",2004,0.0298160344282566,0.018993517684208528,0.04016181347144285
composição fixa,4,"T4: Defesa, Forças Armadas e Operações de Paz",2005,0.03190890718065947,0.021360496536327784,0.041655721355810554
composição fixa,4,"T4: Defesa, Forças Armadas e Operações de Paz",2006,0.034618638065436136,0.024309374208445034,0.0446111068171101
composição fixa,4,"T4: Defesa, Forças Armadas e Operações de Paz",2007,0.03758534225063232,0.027104160375965906,0.047889082260707636
composição fixa,4,"T4: Defesa, Forças Armadas e Operações de Paz",2008,0.04044913490429371,0.02950461284157834,0.05122555681957074
composição fixa,4,"T4: Defesa, Forças Armadas e Operações de Paz",2009,0.04285013119446599,0.032159559573942724,0.053333468821929
composição fixa,4,"T4: Defesa, Forças Armadas e Operações de Paz",2010,0.04442844628919493,0.03422083225993912,0.05412015353651661
composição fixa,4,"T4: Defesa, Forças Armadas e Operações de Paz",2011,0.04498644709817622,0.036186299704866046,0.053405827771006956
composição fixa,4,"T4: Defesa, Forças Armadas e Operações de Paz",2012,0.0449755074977059,0.03603567226861435,0.05341510127298514
composição fixa,4,"T4: Defesa, Forças Armadas e Operações de Paz",2013,0.04500925310572999,0.03569989233756926,0.054063516492284816
composição fixa,4,"T4: Defesa, Forças Armadas e Operações de Paz",2014,0.04570130954019457,0.03743644467819912,0.05402644263016846
composição fixa,4,"T4: Defesa, Forças Armadas e Operações de Paz",2015,0.04738599768545924,0.04001159045515654,0.05534415580893237
composição fixa,4,"T4: Defesa, Forças Armadas e Operações de Paz",2016,0.04928041949153797,0.04096033759776489,0.058425572916971716
composição fixa,4,"T4: Defesa, Forças Armadas e Operações de Paz",2017,0.05067671762281246,0.042800231747057035,0.058656133050451115
composição fixa,4,"T4: Defesa, Forças Armadas e Operações de Paz",2018,0.05228441653548127,0.0433421452071165,0.06148062224824339
composição fixa,4,"T4: Defesa, Forças Armadas e Operações de Paz",2019,0.05516738613369716,0.04643561852144709,0.06537921870230934
composição fixa,4,"T4: Defesa, Forças Armadas e Operações de Paz",2020,0.05950025445917588,0.05057353263503092,0.06987188522986766
composição fixa,4,"T4: Defesa, Forças Armadas e Operações de Paz",2021,0.061900682103885225,0.05192921836527512,0.07258647752431645
composição fixa,4,"T4: Defesa, Forças Armadas e Operações de Paz",2022,0.06059450895413308,0.04829880295604735,0.07383157545660692
composição fixa,4,"T4: Defesa, Forças Armadas e Operações de Paz",2023,0.06379725952333566,0.051988159513568076,0.07504619875180799
composição fixa,4,"T4: Defesa, Forças Armadas e Operações de Paz",2024,0.05832621115407562,0.04589481885843333,0.07024585334403048
composição fixa,5,"T5: Eleições, Partidos e Instituições Representativas",1984,0.19116556501805718,0.04537395514546228,0.34359796907696105
composição fixa,5,"T5: Eleições, Partidos e Instituições Representativas",1985,0.1832964334233702,0.06750283209488522,0.3027831339506727
composição fixa,5,"T5: Eleições, Partidos e Instituições Representativas",1986,0.17726430952822975,0.08702183404283823,0.27096676120959345
composição fixa,5,"T5: Eleições, Partidos e Instituições Representativas",1987,0.17293247955873542,0.10446220397703052,0.2459016159920193
composição fixa,5,"T5: Eleições, Partidos e Instituições Representativas",1988,0.17016422974098702,0.11895631191282557,0.22520948601678004
composição fixa,5,"T5: Eleições, Partidos e Instituições Representativas",1989,0.1688228463010842,0.13031560534401918,0.21061035594440902
composição fixa,5,"T5: Eleições, Partidos e Instituições Representativas",1990,0.16877161546512667,0.13866594887346384,0.20045084942321872
composição fixa,5,"T5: Eleições, Partidos e Instituições Representativas",1991,0.16987382345921417,0.14528004693509772,0.19536541799338436
composição fixa,5,"T5: Eleições, Partidos e Instituições Representativas",1992,0.1719927565094464,0.1496924480266486,0.1937713540059891
composição fixa,5,"T5: Eleições, Partidos e Instituições Representativas",1993,0.17499170084192303,0.1541014582394215,0.19554919534158305
composição fixa,5,"T5: Eleições, Partidos e Instituições Representativas",1994,0.1787339426827438,0.15883479290826158,0.19875426557838807
composição fixa,5,"T5: Eleições, Partidos e Instituições Representativas",1995,0.1830827682580084,0.1637108246148112,0.2018084880528106
composição fixa,5,"T5: Eleições, Partidos e Instituições Representativas",1996,0.18790146379381656,0.1701529421064173,0.20535212523122987
composição fixa,5,"T5: Eleições, Partidos e Instituições Representativas",1997,0.19305331551626798,0.17683556134089437,0.20948448526459418
composição fixa,5,"T5: Eleições, Partidos e Instituições Representativas",1998,0.19840160965146234,0.18298156003666813,0.21403070687409376
composição fixa,5,"T5: Eleições, Partidos e Instituições Representativas",1999,0.20380963242549938,0.1886357943446912,0.21931935137589464
composição fixa,5,"T5: Eleições, Partidos e Instituições Representativas",2000,0.20914067006447878,0.19364573059619428,0.22476222313064523
composição fixa,5,"T5: Eleições, Partidos e Instituições Representativas",2001,0.21425800879450027,0.19862776006240962,0.2304015882165713
composição fixa,5,"T5: Eleições, Partidos e Instituições Representativas",2002,0.21902493484166355,0.20302590132069792,0.2356092526724367
composição fixa,5,"T5: Eleições, Partidos e Instituições Representativas",2003,0.22330473443206833,0.20716315384363143,0.24022238166861726
composição fixa,5,"T5: Eleições, Partidos e Instituições Representativas",2004,0.2269606937918143,0.21119455773564286,0.24364899552946073
composição fixa,5,"T5: Eleições, Partidos e Instituições Representativas",2005,0.22991344635667102,0.21534857644761818,0.24549351735866676
composição fixa,5,"T5: Eleições, Partidos e Instituições Representativas",2006,0.23231301440108743,0.21841330219962315,0.24709509007055414
composição fixa,5,"T5: Eleições, Partidos e Instituições Representativas",2007,0.23436676740918233,0.22069745719624062,0.24889042940951422
composição fixa,5,"T5: Eleições, Partidos e Instituições Representativas",2008,0.2362820748650745,0.22192060134829308,0.25087210795308107
composição fixa,5,"T5: Eleições, Partidos e Instituições Representativas",2009,0.23826630625288267,0.22344630980299107,0.2530764595312095
composição fixa,5,"T5: Eleições, Partidos e Instituições Representativas",2010,0.2405268310567257,0.22667225473570327,0.2542246654991302
composição fixa,5,"T5: Eleições, Partidos e Instituições Representativas",2011,0.24313847819981022,0.23110015927227523,0.2558019794133948
composição fixa,5,"T5: Eleições, Partidos e Instituições Representativas",2012,0.2456459143616945,0.2340008720318847,0.25860724626874226
composição fixa,5,"T5: Eleições, Partidos e Instituições Representativas",2013,0.2474612656610247,0.23471960507832598,0.26062182858035965
composição fixa,5,"T5: Eleições, Partidos e Instituições Representativas",2014,0.24799665821644692,0.23564705198387575,0.2604821211270989
composição fixa,5,"T5: Eleições, Partidos e Instituições Representativas",2015,0.24751937814994598,0.2354626271347104,0.25949706726138494
composição fixa,5,"T5: Eleições, Partidos e Instituições Representativas",2016,0.24971735159686095,0.2363048348994646,0.263723222645871
composição fixa,5,"T5: Eleições, Partidos e Instituições Representativas",2017,0.25738738840544273,0.2459568787041273,0.26962474457378605
composição fixa,5,"T5: Eleições, Partidos e Instituições Representativas",2018,0.2663411932622354,0.25418278282496376,0.2783886675574606
composição fixa,5,"T5: Eleições, Partidos e Instituições Representativas",2019,0.2706441945633561,0.2576517592982587,0.2832434700480237
composição fixa,5,"T5: Eleições, Partidos e Instituições Representativas",2020,0.26716401861985956,0.25309941370067013,0.28189031065776093
composição fixa,5,"T5: Eleições, Partidos e Instituições Representativas",2021,0.26397708340254955,0.24898483059665338,0.2794446138095147
composição fixa,5,"T5: Eleições, Partidos e Instituições Representativas",2022,0.2684735117106508,0.2510339318928361,0.2865531055371108
composição fixa,5,"T5: Eleições, Partidos e Instituições Representativas",2023,0.2740894539973223,0.25679706899881716,0.29103331690034895
composição fixa,5,"T5: Eleições, Partidos e Instituições Representativas",2024,0.2642716395750224,0.24732187765130462,0.2814997284071228
composição fixa,6,T6: Teoria e Pensamento Político,1984,0.3893460055721444,0.21621788819160048,0.5621810621066259
composição fixa,6,T6: Teoria e Pensamento Político,1985,0.3824838318323144,0.24321121806823104,0.520037081953326
composição fixa,6,T6: Teoria e Pensamento Político,1986,0.3757722549796487,0.2679650343096375,0.4824354628057465
composição fixa,6,T6: Teoria e Pensamento Político,1987,0.36919756543824384,0.28560422470200286,0.45222715347227016
composição fixa,6,T6: Teoria e Pensamento Político,1988,0.36274605363219625,0.2998471651488686,0.42607643298113274
composição fixa,6,T6: Teoria e Pensamento Político,1989,0.3564040099856023,0.30887096883050863,0.40460328903375975
composição fixa,6,T6: Teoria e Pensamento Político,1990,0.3501577249225586,0.3141372027353895,0.38646476027199017
composição fixa,6,T6: Teoria e Pensamento Político,1991,0.34399348886716147,0.3149597702064878,0.37285288356265117
composição fixa,6,T6: Teoria e Pensamento Político,1992,0.3378975922435075,0.31309887261834507,0.36259727044735235
composição fixa,6,T6: Teoria e Pensamento Político,1993,0.3318563254756931,0.30858495902733474,0.3541885889259042
composição fixa,6,T6: Teoria e Pensamento Político,1994,0.32585597898781477,0.30440194440832835,0.34695609826807733
composição fixa,6,T6: Teoria e Pensamento Político,1995,0.3198828432039689,0.2989456826231952,0.3398797033671911
composição fixa,6,T6: Teoria e Pensamento Político,1996,0.313923208548252,0.2948429551660055,0.3322506025778532
composição fixa,6,T6: Teoria e Pensamento Político,1997,0.3079633654447606,0.2906403410583378,0.32510161244965147
composição fixa,6,T6: Teoria e Pensamento Político,1998,0.3019896043175911,0.28554154180393926,0.31760144094997744
composição fixa,6,T6: Teoria e Pensamento Político,1999,0.29598821559084,0.279780738675278,0.3114307970152409
composição fixa,6,T6: Teoria e Pensamento Político,2000,0.2899454896886037,0.2736715045737508,0.3050967395756451
composição fixa,6,T6: Teoria e Pensamento Político,2001,0.2838477170349787,0.2675465798815987,0.2987212771430974
composição fixa,6,T6: Teoria e Pensamento Político,2002,0.27768118805406145,0.2611083618642691,0.2928764730218544
composição fixa,6,T6: Teoria e Pensamento Político,2003,0.2714321931699485,0.2549651142181461,0.28650200962819156
composição fixa,6,T6: Teoria e Pensamento Político,2004,0.2650870228067362,0.24934112885434773,0.2798624552932142
composição fixa,6,T6: Teoria e Pensamento Político,2005,0.25863260878272926,0.24395475002055925,0.2727417968941481
composição fixa,6,T6: Teoria e Pensamento Político,2006,0.2520584484930648,0.23789101223596532,0.26604310682203314
composição fixa,6,T6: Teoria e Pensamento Político,2007,0.24535468072708808,0.23075052852039224,0.25960677998452353
composição fixa,6,T6: Teoria e Pensamento Político,2008,0.2385114442741445,0.2232958510331703,0.2537522089686124
composição fixa,6,T6: Teoria e Pensamento Político,2009,0.23151887792357942,0.2160796281622263,0.2469894876918861
composição fixa,6,T6: Teoria e Pensamento Político,2010,0.22436712046473797,0.20980060371825138,0.23861625651047783
composição fixa,6,T6: Teoria e Pensamento Político,2011,0.2170304622503591,0.20330700926001405,0.22995484640165886
composição fixa,6,T6: Teoria e Pensamento Político,2012,0.2094197998867552,0.1960942177817795,0.2229292028521291
composição fixa,6,T6: Teoria e Pensamento Político,2013,0.20143018154363232,0.18759818314954907,0.21550196744184405
composição fixa,6,T6: Teoria e Pensamento Político,2014,0.1929566553906964,0.18010596339586743,0.20576702436041783
composição fixa,6,T6: Teoria e Pensamento Político,2015,0.1843015387733735,0.17293014851314442,0.19546169270107422
composição fixa,6,T6: Teoria e Pensamento Político,2016,0.17739622573997,0.1646602502726235,0.19063595000303787
composição fixa,6,T6: Teoria e Pensamento Político,2017,0.17375674430884386,0.16264872985930895,0.18527276162081924
composição fixa,6,T6: Teoria e Pensamento Político,2018,0.17160858167567825,0.15992502222700067,0.18381084418417437
composição fixa,6,T6: Teoria e Pensamento Político,2019,0.16835458983048768,0.15632480298998044,0.1802447173579378
composição fixa,6,T6: Teoria e Pensamento Político,2020,0.16341805208091872,0.1501243374299211,0.17621050194366128
composição fixa,6,T6: Teoria e Pensamento Político,2021,0.1643039770051462,0.15028340490530212,0.17831187117248798
composição fixa,6,T6: Teoria e Pensamento Político,2022,0.1722431489101682,0.15579796424697318,0.1885800711395341
composição fixa,6,T6: Teoria e Pensamento Político,2023,0.15528772974774815,0.13805895319259603,0.17215243736829636
composição fixa,6,T6: Teoria e Pensamento Político,2024,0.1704997576576368,0.15551541420309017,0.18647859198149094
composição fixa,7,"T7: Direitos, Gênero e Violência",1984,0.03135220994760992,-0.07620321512410108,0.13599568319505134
composição fixa,7,"T7: Direitos, Gênero e Violência",1985,0.033229654297409886,-0.05178671062980465,0.11686409896805053
composição fixa,7,"T7: Direitos, Gênero e Violência",1986,0.03484460505247448,-0.030907355544550527,0.09985973641864386
composição fixa,7,"T7: Direitos, Gênero e Violência",1987,0.03621974591356664,-0.01483590559360013,0.08567809925578032
composição fixa,7,"T7: Direitos, Gênero e Violência",1988,0.03737776058144931,-0.001684555672930983,0.07673415034096545
composição fixa,7,"T7: Direitos, Gênero e Violência",1989,0.03834133275688545,0.0082993650350088,0.0688913603447535
composição fixa,7,"T7: Direitos, Gênero e Violência",1990,0.03913314614063801,0.016210041994611415,0.0633426403904699
composição fixa,7,"T7: Direitos, Gênero e Violência",1991,0.039775884433469924,0.021034485580739518,0.059153013196762166
composição fixa,7,"T7: Direitos, Gênero e Violência",1992,0.04029223133614415,0.02342296758971165,0.057871742616207214
composição fixa,7,"T7: Direitos, Gênero e Violência",1993,0.040704870549423636,0.024956949640213333,0.05698573048139308
composição fixa,7,"T7: Direitos, Gênero e Violência",1994,0.04103648577407132,0.026250095352964516,0.05649406636151509
composição fixa,7,"T7: Direitos, Gênero e Violência",1995,0.04130976071085016,0.027049192362432528,0.055786367239451844
composição fixa,7,"T7: Direitos, Gênero e Violência",1996,0.0415473790605231,0.028470408292889993,0.05519535067772796
composição fixa,7,"T7: Direitos, Gênero e Violência",1997,0.04177202452385309,0.029733577721752905,0.05486854978565517
composição fixa,7,"T7: Direitos, Gênero e Violência",1998,0.04200638080160307,0.03058611363841341,0.05470531341837191
composição fixa,7,"T7: Direitos, Gênero e Violência",1999,0.042273131594536,0.031004350127336294,0.05488994835699086
composição fixa,7,"T7: Direitos, Gênero e Violência",2000,0.04259496060341482,0.031264363306002574,0.05521958795300738
composição fixa,7,"T7: Direitos, Gênero e Violência",2001,0.04299455152900248,0.0311885385287222,0.05624421689829577
composição fixa,7,"T7: Direitos, Gênero e Violência",2002,0.04349458807206192,0.031399069161126385,0.05673186759291639
composição fixa,7,"T7: Direitos, Gênero e Violência",2003,0.0441177539333561,0.03223747183722979,0.05714501552837222
composição fixa,7,"T7: Direitos, Gênero e Violência",2004,0.04488673281364797,0.033276367594945976,0.05741424226171162
composição fixa,7,"T7: Direitos, Gênero e Violência",2005,0.04582254357905008,0.03492580426478617,0.05749633069311421
composição fixa,7,"T7: Direitos, Gênero e Violência",2006,0.046939545757073514,0.036055341731870846,0.058165731895637646
composição fixa,7,"T7: Direitos, Gênero e Violência",2007,0.04825043404057896,0.03715628977893223,0.059525260099267785
composição fixa,7,"T7: Direitos, Gênero e Violência",2008,0.0497679031224271,0.03811993579584157,0.06154995258725762
composição fixa,7,"T7: Direitos, Gênero e Violência",2009,0.05150464769547862,0.039802055458087404,0.06324680756878867
composição fixa,7,"T7: Direitos, Gênero e Violência",2010,0.05347336245259422,0.04273341734693065,0.06461093456586327
composição fixa,7,"T7: Direitos, Gênero e Violência",2011,0.05579434332056638,0.04633098501719102,0.06570003624204304
composição fixa,7,"T7: Direitos, Gênero e Violência",2012,0.05901829116191478,0.04960841942980651,0.06869164303601287
composição fixa,7,"T7: Direitos, Gênero e Violência",2013,0.0638035080730909,0.053892156176909164,0.07421900409330714
composição fixa,7,"T7: Direitos, Gênero e Violência",2014,0.07080829615054622,0.06132671330476259,0.08054776457358215
composição fixa,7,"T7: Direitos, Gênero e Violência",2015,0.07981227210813449,0.06936398597330921,0.08943874467198448
composição fixa,7,"T7: Direitos, Gênero e Violência",2016,0.08708031112931862,0.07538710245034329,0.09873099582098621
composição fixa,7,"T7: Direitos, Gênero e Violência",2017,0.08927442473208182,0.07952699639580546,0.0991210858181965
composição fixa,7,"T7: Direitos, Gênero e Violência",2018,0.0881599113028797,0.07873808367575413,0.09836268241727071
composição fixa,7,"T7: Direitos, Gênero e Violência",2019,0.08677789094528592,0.07714718494177986,0.09728117924689056
composição fixa,7,"T7: Direitos, Gênero e Violência",2020,0.0877212729522771,0.07748394521004333,0.09813250900189188
composição fixa,7,"T7: Direitos, Gênero e Violência",2021,0.09179012337444173,0.08080022834504971,0.10331347652763409
composição fixa,7,"T7: Direitos, Gênero e Violência",2022,0.09874821066309879,0.08529900823927855,0.1122463379730749
composição fixa,7,"T7: Direitos, Gênero e Violência",2023,0.10600695611487694,0.09275666557832575,0.11948161393666037
composição fixa,7,"T7: Direitos, Gênero e Violência",2024,0.11739147711417018,0.10492502545489826,0.13061225579958924
composição fixa,8,"T8: Participação, Movimentos e Arranjos Institucionais",1984,0.10741066211668784,-0.002858593622322572,0.22028710500889476
composição fixa,8,"T8: Participação, Movimentos e Arranjos Institucionais",1985,0.12223629003545376,0.035715177744857565,0.21158994270568027
composição fixa,8,"T8: Participação, Movimentos e Arranjos Institucionais",1986,0.1345320205383927,0.06771355136187063,0.20473884084765953
composição fixa,8,"T8: Participação, Movimentos e Arranjos Institucionais",1987,0.14449178740451693,0.092867425732616,0.1988376940387448
composição fixa,8,"T8: Participação, Movimentos e Arranjos Institucionais",1988,0.15230952441283868,0.11304576572535968,0.1922696394039562
composição fixa,8,"T8: Participação, Movimentos e Arranjos Institucionais",1989,0.15817916534237023,0.12853369329692915,0.1884438206667866
composição fixa,8,"T8: Participação, Movimentos e Arranjos Institucionais",1990,0.16229464397212384,0.13884594583199772,0.1854397800267279
composição fixa,8,"T8: Participação, Movimentos e Arranjos Institucionais",1991,0.16484989408111175,0.14544688287150476,0.18365773590612128
composição fixa,8,"T8: Participação, Movimentos e Arranjos Institucionais",1992,0.16603884944834624,0.14949594541437944,0.1828741773772833
composição fixa,8,"T8: Participação, Movimentos e Arranjos Institucionais",1993,0.16605544385283955,0.15046351319821327,0.181898786367638
composição fixa,8,"T8: Participação, Movimentos e Arranjos Institucionais",1994,0.16509361107360393,0.15027297320651117,0.18017438154725604
composição fixa,8,"T8: Participação, Movimentos e Arranjos Institucionais",1995,0.16334728488965167,0.14915396198322295,0.1777398923976074
composição fixa,8,"T8: Participação, Movimentos e Arranjos Institucionais",1996,0.161010399079995,0.1474184857167298,0.1747695263590085
composição fixa,8,"T8: Participação, Movimentos e Arranjos Institucionais",1997,0.15827688742364618,0.1454420440935242,0.17104943559542685
composição fixa,8,"T8: Participação, Movimentos e Arranjos Institucionais",1998,0.1553406836996175,0.1432340266085263,0.16725273412869274
composição fixa,8,"T8: Participação, Movimentos e Arranjos Institucionais",1999,0.15239572168692117,0.1407417851117318,0.16384017889000618
composição fixa,8,"T8: Participação, Movimentos e Arranjos Institucionais",2000,0.1496359351645695,0.1381154028017691,0.16093951267874218
composição fixa,8,"T8: Participação, Movimentos e Arranjos Institucionais",2001,0.14725525791157468,0.13577477768892462,0.15868211967552284
composição fixa,8,"T8: Participação, Movimentos e Arranjos Institucionais",2002,0.14544762370694903,0.13397195722166716,0.1570126107007508
composição fixa,8,"T8: Participação, Movimentos e Arranjos Institucionais",2003,0.1444069663297048,0.1331230565763606,0.15560819910486717
composição fixa,8,"T8: Participação, Movimentos e Arranjos Institucionais",2004,0.1443272195588542,0.13363395939869077,0.1550919077273947
composição fixa,8,"T8: Participação, Movimentos e Arranjos Institucionais",2005,0.14529237561509536,0.1353130535453687,0.1555125022198524
composição fixa,8,"T8: Participação, Movimentos e Arranjos Institucionais",2006,0.1469466604858698,0.13703366362464142,0.15682820545824355
composição fixa,8,"T8: Participação, Movimentos e Arranjos Institucionais",2007,0.14882435860030482,0.13847730645445172,0.15923123406703021
composição fixa,8,"T8: Participação, Movimentos e Arranjos Institucionais",2008,0.1504597543875278,0.13927642286494774,0.1615274249237631
composição fixa,8,"T8: Participação, Movimentos e Arranjos Institucionais",2009,0.15138713227666598,0.14061706941243035,0.16251809532808814
composição fixa,8,"T8: Participação, Movimentos e Arranjos Institucionais",2010,0.15114077669684678,0.14126880472811412,0.16135291807056998
composição fixa,8,"T8: Participação, Movimentos e Arranjos Institucionais",2011,0.149549351551102,0.1404719355688721,0.15834576567062897
composição fixa,8,"T8: Participação, Movimentos e Arranjos Institucionais",2012,0.14761903863808135,0.1383655863657589,0.15708929243796052
composição fixa,8,"T8: Participação, Movimentos e Arranjos Institucionais",2013,0.146650399230339,0.1364466910203198,0.157157782727157
composição fixa,8,"T8: Participação, Movimentos e Arranjos Institucionais",2014,0.1479439946004292,0.13803594594557111,0.1575895219609097
composição fixa,8,"T8: Participação, Movimentos e Arranjos Institucionais",2015,0.15149774398867563,0.14251630804683157,0.16044231369808543
composição fixa,8,"T8: Participação, Movimentos e Arranjos Institucionais",2016,0.15209899850648026,0.14222597118038593,0.16215672593653196
composição fixa,8,"T8: Participação, Movimentos e Arranjos Institucionais",2017,0.1456279401242289,0.13766567100143398,0.1538983675865806
composição fixa,8,"T8: Participação, Movimentos e Arranjos Institucionais",2018,0.13754664237716552,0.12957002607053855,0.14623210084477922
composição fixa,8,"T8: Participação, Movimentos e Arranjos Institucionais",2019,0.1357126516917485,0.12669486937652136,0.14501787148033268
composição fixa,8,"T8: Participação, Movimentos e Arranjos Institucionais",2020,0.1435057723085861,0.13376722174740635,0.15306230238221674
composição fixa,8,"T8: Participação, Movimentos e Arranjos Institucionais",2021,0.14639483972488562,0.13567584545543654,0.15699447674864508
composição fixa,8,"T8: Participação, Movimentos e Arranjos Institucionais",2022,0.1345712224421778,0.12167878571425744,0.14708731022391563
composição fixa,8,"T8: Participação, Movimentos e Arranjos Institucionais",2023,0.13502738972268763,0.12257762206921329,0.14770843160940414
composição fixa,8,"T8: Participação, Movimentos e Arranjos Institucionais",2024,0.13659369423706183,0.12382393799799807,0.14962000762177874
