ano,area_nome,regiao,programas,participacao_regional
2013,Geografia,CENTRO-OESTE,8,0.15384615384615385
2013,Geografia,NORDESTE,10,0.19230769230769232
2013,Geografia,NORTE,5,0.09615384615384616
2013,Geografia,SUDESTE,17,0.3269230769230769
2013,Geografia,SUL,12,0.23076923076923078
2013,Economia,CENTRO-OESTE,16,0.11267605633802817
2013,Economia,NORDESTE,25,0.176056338028169
2013,Economia,NORTE,5,0.035211267605633804
2013,Economia,SUDESTE,58,0.4084507042253521
2013,Economia,SUL,38,0.2676056338028169
2013,Ciência Política / RI,CENTRO-OESTE,5,0.14705882352941177
2013,Ciência Política / RI,NORDESTE,5,0.14705882352941177
2013,Ciência Política / RI,NORTE,1,0.029411764705882353
2013,Ciência Política / RI,SUDESTE,16,0.47058823529411764
2013,Ciência Política / RI,SUL,7,0.20588235294117646
2013,Sociologia,CENTRO-OESTE,5,0.078125
2013,Sociologia,NORDESTE,14,0.21875
2013,Sociologia,NORTE,2,0.03125
2013,Sociologia,SUDESTE,27,0.421875
2013,Sociologia,SUL,16,0.25
2013,Antropologia / Arqueologia,CENTRO-OESTE,14,0.10071942446043165
2013,Antropologia / Arqueologia,NORDESTE,26,0.18705035971223022
2013,Antropologia / Arqueologia,NORTE,10,0.07194244604316546
2013,Antropologia / Arqueologia,SUDESTE,62,0.4460431654676259
2013,Antropologia / Arqueologia,SUL,27,0.19424460431654678
2013,História,CENTRO-OESTE,22,0.10426540284360189
2013,História,NORDESTE,47,0.22274881516587677
2013,História,NORTE,14,0.06635071090047394
2013,História,SUDESTE,86,0.4075829383886256
2013,História,SUL,42,0.1990521327014218
2014,Geografia,CENTRO-OESTE,9,0.16071428571428573
2014,Geografia,NORDESTE,11,0.19642857142857142
2014,Geografia,NORTE,5,0.08928571428571429
2014,Geografia,SUDESTE,19,0.3392857142857143
2014,Geografia,SUL,12,0.21428571428571427
2014,Economia,CENTRO-OESTE,16,0.1032258064516129
2014,Economia,NORDESTE,28,0.18064516129032257
2014,Economia,NORTE,10,0.06451612903225806
2014,Economia,SUDESTE,62,0.4
2014,Economia,SUL,39,0.25161290322580643
2014,Ciência Política / RI,CENTRO-OESTE,5,0.13513513513513514
2014,Ciência Política / RI,NORDESTE,7,0.1891891891891892
2014,Ciência Política / RI,NORTE,1,0.02702702702702703
2014,Ciência Política / RI,SUDESTE,17,0.4594594594594595
2014,Ciência Política / RI,SUL,7,0.1891891891891892
2014,Sociologia,CENTRO-OESTE,6,0.08571428571428572
2014,Sociologia,NORDESTE,16,0.22857142857142856
2014,Sociologia,NORTE,2,0.02857142857142857
2014,Sociologia,SUDESTE,30,0.42857142857142855
2014,Sociologia,SUL,16,0.22857142857142856
2014,Antropologia / Arqueologia,CENTRO-OESTE,14,0.09929078014184398
2014,Antropologia / Arqueologia,NORDESTE,27,0.19148936170212766
2014,Antropologia / Arqueologia,NORTE,9,0.06382978723404255
2014,Antropologia / Arqueologia,SUDESTE,62,0.4397163120567376
2014,Antropologia / Arqueologia,SUL,29,0.20567375886524822
2014,História,CENTRO-OESTE,23,0.10550458715596331
2014,História,NORDESTE,49,0.22477064220183487
2014,História,NORTE,14,0.06422018348623854
2014,História,SUDESTE,89,0.40825688073394495
2014,História,SUL,43,0.19724770642201836
2015,Geografia,CENTRO-OESTE,10,0.16129032258064516
2015,Geografia,NORDESTE,13,0.20967741935483872
2015,Geografia,NORTE,5,0.08064516129032258
2015,Geografia,SUDESTE,22,0.3548387096774194
2015,Geografia,SUL,12,0.1935483870967742
2015,Economia,CENTRO-OESTE,16,0.09815950920245399
2015,Economia,NORDESTE,30,0.18404907975460122
2015,Economia,NORTE,10,0.06134969325153374
2015,Economia,SUDESTE,66,0.4049079754601227
2015,Economia,SUL,41,0.25153374233128833
2015,Ciência Política / RI,CENTRO-OESTE,5,0.125
2015,Ciência Política / RI,NORDESTE,7,0.175
2015,Ciência Política / RI,NORTE,1,0.025
2015,Ciência Política / RI,SUDESTE,19,0.475
2015,Ciência Política / RI,SUL,8,0.2
2015,Sociologia,CENTRO-OESTE,6,0.08571428571428572
2015,Sociologia,NORDESTE,16,0.22857142857142856
2015,Sociologia,NORTE,2,0.02857142857142857
2015,Sociologia,SUDESTE,30,0.42857142857142855
2015,Sociologia,SUL,16,0.22857142857142856
2015,Antropologia / Arqueologia,CENTRO-OESTE,14,0.0958904109589041
2015,Antropologia / Arqueologia,NORDESTE,28,0.1917808219178082
2015,Antropologia / Arqueologia,NORTE,10,0.0684931506849315
2015,Antropologia / Arqueologia,SUDESTE,62,0.4246575342465753
2015,Antropologia / Arqueologia,SUL,32,0.2191780821917808
2015,História,CENTRO-OESTE,25,0.11467889908256881
2015,História,NORDESTE,48,0.22018348623853212
2015,História,NORTE,12,0.05504587155963303
2015,História,SUDESTE,89,0.40825688073394495
2015,História,SUL,44,0.2018348623853211
2016,Geografia,CENTRO-OESTE,10,0.15625
2016,Geografia,NORDESTE,15,0.234375
2016,Geografia,NORTE,5,0.078125
2016,Geografia,SUDESTE,22,0.34375
2016,Geografia,SUL,12,0.1875
2016,Economia,CENTRO-OESTE,16,0.09411764705882353
2016,Economia,NORDESTE,32,0.18823529411764706
2016,Economia,NORTE,11,0.06470588235294118
2016,Economia,SUDESTE,69,0.40588235294117647
2016,Economia,SUL,42,0.24705882352941178
2016,Ciência Política / RI,CENTRO-OESTE,5,0.11627906976744186
2016,Ciência Política / RI,NORDESTE,8,0.18604651162790697
2016,Ciência Política / RI,NORTE,1,0.023255813953488372
2016,Ciência Política / RI,SUDESTE,20,0.46511627906976744
2016,Ciência Política / RI,SUL,9,0.20930232558139536
2016,Sociologia,CENTRO-OESTE,6,0.08450704225352113
2016,Sociologia,NORDESTE,17,0.23943661971830985
2016,Sociologia,NORTE,2,0.028169014084507043
2016,Sociologia,SUDESTE,29,0.4084507042253521
2016,Sociologia,SUL,17,0.23943661971830985
2016,Antropologia / Arqueologia,CENTRO-OESTE,15,0.09740259740259741
2016,Antropologia / Arqueologia,NORDESTE,30,0.19480519480519481
2016,Antropologia / Arqueologia,NORTE,11,0.07142857142857142
2016,Antropologia / Arqueologia,SUDESTE,64,0.4155844155844156
2016,Antropologia / Arqueologia,SUL,34,0.22077922077922077
2016,História,CENTRO-OESTE,25,0.11210762331838565
2016,História,NORDESTE,47,0.21076233183856502
2016,História,NORTE,13,0.05829596412556054
2016,História,SUDESTE,93,0.4170403587443946
2016,História,SUL,45,0.20179372197309417
2017,Geografia,CENTRO-OESTE,10,0.15384615384615385
2017,Geografia,NORDESTE,15,0.23076923076923078
2017,Geografia,NORTE,5,0.07692307692307693
2017,Geografia,SUDESTE,23,0.35384615384615387
2017,Geografia,SUL,12,0.18461538461538463
2017,Economia,CENTRO-OESTE,16,0.09090909090909091
2017,Economia,NORDESTE,33,0.1875
2017,Economia,NORTE,13,0.07386363636363637
2017,Economia,SUDESTE,70,0.3977272727272727
2017,Economia,SUL,44,0.25
2017,Ciência Política / RI,CENTRO-OESTE,6,0.125
2017,Ciência Política / RI,NORDESTE,10,0.20833333333333334
2017,Ciência Política / RI,NORTE,2,0.041666666666666664
2017,Ciência Política / RI,SUDESTE,21,0.4375
2017,Ciência Política / RI,SUL,9,0.1875
2017,Sociologia,CENTRO-OESTE,6,0.08333333333333333
2017,Sociologia,NORDESTE,18,0.25
2017,Sociologia,NORTE,2,0.027777777777777776
2017,Sociologia,SUDESTE,29,0.4027777777777778
2017,Sociologia,SUL,17,0.2361111111111111
2017,Antropologia / Arqueologia,CENTRO-OESTE,16,0.1032258064516129
2017,Antropologia / Arqueologia,NORDESTE,30,0.1935483870967742
2017,Antropologia / Arqueologia,NORTE,11,0.07096774193548387
2017,Antropologia / Arqueologia,SUDESTE,64,0.4129032258064516
2017,Antropologia / Arqueologia,SUL,34,0.21935483870967742
2017,História,CENTRO-OESTE,26,0.11607142857142858
2017,História,NORDESTE,47,0.20982142857142858
2017,História,NORTE,13,0.05803571428571429
2017,História,SUDESTE,93,0.41517857142857145
2017,História,SUL,45,0.20089285714285715
2018,Geografia,CENTRO-OESTE,10,0.15384615384615385
2018,Geografia,NORDESTE,15,0.23076923076923078
2018,Geografia,NORTE,5,0.07692307692307693
2018,Geografia,SUDESTE,23,0.35384615384615387
2018,Geografia,SUL,12,0.18461538461538463
2018,Economia,CENTRO-OESTE,16,0.09090909090909091
2018,Economia,NORDESTE,33,0.1875
2018,Economia,NORTE,13,0.07386363636363637
2018,Economia,SUDESTE,70,0.3977272727272727
2018,Economia,SUL,44,0.25
2018,Ciência Política / RI,CENTRO-OESTE,6,0.11764705882352941
2018,Ciência Política / RI,NORDESTE,10,0.19607843137254902
2018,Ciência Política / RI,NORTE,2,0.0392156862745098
2018,Ciência Política / RI,SUDESTE,23,0.45098039215686275
2018,Ciência Política / RI,SUL,10,0.19607843137254902
2018,Sociologia,CENTRO-OESTE,6,0.08333333333333333
2018,Sociologia,NORDESTE,18,0.25
2018,Sociologia,NORTE,2,0.027777777777777776
2018,Sociologia,SUDESTE,29,0.4027777777777778
2018,Sociologia,SUL,17,0.2361111111111111
2018,Antropologia / Arqueologia,CENTRO-OESTE,16,0.10457516339869281
2018,Antropologia / Arqueologia,NORDESTE,30,0.19607843137254902
2018,Antropologia / Arqueologia,NORTE,10,0.06535947712418301
2018,Antropologia / Arqueologia,SUDESTE,64,0.41830065359477125
2018,Antropologia / Arqueologia,SUL,33,0.21568627450980393
2018,História,CENTRO-OESTE,26,0.11607142857142858
2018,História,NORDESTE,47,0.20982142857142858
2018,História,NORTE,13,0.05803571428571429
2018,História,SUDESTE,93,0.41517857142857145
2018,História,SUL,45,0.20089285714285715
2019,Geografia,CENTRO-OESTE,11,0.14473684210526316
2019,Geografia,NORDESTE,19,0.25
2019,Geografia,NORTE,8,0.10526315789473684
2019,Geografia,SUDESTE,25,0.32894736842105265
2019,Geografia,SUL,13,0.17105263157894737
2019,Economia,CENTRO-OESTE,18,0.09782608695652174
2019,Economia,NORDESTE,35,0.19021739130434784
2019,Economia,NORTE,14,0.07608695652173914
2019,Economia,SUDESTE,71,0.3858695652173913
2019,Economia,SUL,46,0.25
2019,Ciência Política / RI,CENTRO-OESTE,7,0.1206896551724138
2019,Ciência Política / RI,NORDESTE,10,0.1724137931034483
2019,Ciência Política / RI,NORTE,2,0.034482758620689655
2019,Ciência Política / RI,SUDESTE,27,0.46551724137931033
2019,Ciência Política / RI,SUL,12,0.20689655172413793
2019,Sociologia,CENTRO-OESTE,8,0.09876543209876543
2019,Sociologia,NORDESTE,20,0.24691358024691357
2019,Sociologia,NORTE,5,0.06172839506172839
2019,Sociologia,SUDESTE,29,0.35802469135802467
2019,Sociologia,SUL,19,0.2345679012345679
2019,Antropologia / Arqueologia,CENTRO-OESTE,16,0.09937888198757763
2019,Antropologia / Arqueologia,NORDESTE,35,0.21739130434782608
2019,Antropologia / Arqueologia,NORTE,12,0.07453416149068323
2019,Antropologia / Arqueologia,SUDESTE,65,0.40372670807453415
2019,Antropologia / Arqueologia,SUL,33,0.20496894409937888
2019,História,CENTRO-OESTE,26,0.11607142857142858
2019,História,NORDESTE,46,0.20535714285714285
2019,História,NORTE,13,0.05803571428571429
2019,História,SUDESTE,94,0.41964285714285715
2019,História,SUL,45,0.20089285714285715
2020,Geografia,CENTRO-OESTE,11,0.14473684210526316
2020,Geografia,NORDESTE,19,0.25
2020,Geografia,NORTE,8,0.10526315789473684
2020,Geografia,SUDESTE,25,0.32894736842105265
2020,Geografia,SUL,13,0.17105263157894737
2020,Economia,CENTRO-OESTE,18,0.0967741935483871
2020,Economia,NORDESTE,36,0.1935483870967742
2020,Economia,NORTE,15,0.08064516129032258
2020,Economia,SUDESTE,71,0.3817204301075269
2020,Economia,SUL,46,0.24731182795698925
2020,Ciência Política / RI,CENTRO-OESTE,8,0.13559322033898305
2020,Ciência Política / RI,NORDESTE,10,0.1694915254237288
2020,Ciência Política / RI,NORTE,2,0.03389830508474576
2020,Ciência Política / RI,SUDESTE,27,0.4576271186440678
2020,Ciência Política / RI,SUL,12,0.2033898305084746
2020,Sociologia,CENTRO-OESTE,8,0.1
2020,Sociologia,NORDESTE,20,0.25
2020,Sociologia,NORTE,5,0.0625
2020,Sociologia,SUDESTE,28,0.35
2020,Sociologia,SUL,19,0.2375
2020,Antropologia / Arqueologia,CENTRO-OESTE,16,0.10191082802547771
2020,Antropologia / Arqueologia,NORDESTE,35,0.2229299363057325
2020,Antropologia / Arqueologia,NORTE,12,0.07643312101910828
2020,Antropologia / Arqueologia,SUDESTE,63,0.4012738853503185
2020,Antropologia / Arqueologia,SUL,31,0.19745222929936307
2020,História,CENTRO-OESTE,26,0.11926605504587157
2020,História,NORDESTE,43,0.19724770642201836
2020,História,NORTE,13,0.05963302752293578
2020,História,SUDESTE,92,0.42201834862385323
2020,História,SUL,44,0.2018348623853211
2021,Geografia,CENTRO-OESTE,13,0.16455696202531644
2021,Geografia,NORDESTE,19,0.24050632911392406
2021,Geografia,NORTE,8,0.10126582278481013
2021,Geografia,SUDESTE,25,0.31645569620253167
2021,Geografia,SUL,14,0.17721518987341772
2021,Economia,CENTRO-OESTE,21,0.1099476439790576
2021,Economia,NORDESTE,37,0.193717277486911
2021,Economia,NORTE,16,0.08376963350785341
2021,Economia,SUDESTE,71,0.3717277486910995
2021,Economia,SUL,46,0.24083769633507854
2021,Ciência Política / RI,CENTRO-OESTE,9,0.14516129032258066
2021,Ciência Política / RI,NORDESTE,11,0.1774193548387097
2021,Ciência Política / RI,NORTE,2,0.03225806451612903
2021,Ciência Política / RI,SUDESTE,28,0.45161290322580644
2021,Ciência Política / RI,SUL,12,0.1935483870967742
2021,Sociologia,CENTRO-OESTE,9,0.10588235294117647
2021,Sociologia,NORDESTE,21,0.24705882352941178
2021,Sociologia,NORTE,6,0.07058823529411765
2021,Sociologia,SUDESTE,30,0.35294117647058826
2021,Sociologia,SUL,19,0.2235294117647059
2021,Antropologia / Arqueologia,CENTRO-OESTE,17,0.10429447852760736
2021,Antropologia / Arqueologia,NORDESTE,37,0.22699386503067484
2021,Antropologia / Arqueologia,NORTE,14,0.08588957055214724
2021,Antropologia / Arqueologia,SUDESTE,63,0.38650306748466257
2021,Antropologia / Arqueologia,SUL,32,0.19631901840490798
2021,História,CENTRO-OESTE,28,0.125
2021,História,NORDESTE,45,0.20089285714285715
2021,História,NORTE,15,0.06696428571428571
2021,História,SUDESTE,92,0.4107142857142857
2021,História,SUL,44,0.19642857142857142
2022,Geografia,CENTRO-OESTE,11,0.14285714285714285
2022,Geografia,NORDESTE,19,0.24675324675324675
2022,Geografia,NORTE,8,0.1038961038961039
2022,Geografia,SUDESTE,25,0.3246753246753247
2022,Geografia,SUL,14,0.18181818181818182
2022,Economia,CENTRO-OESTE,20,0.10471204188481675
2022,Economia,NORDESTE,38,0.19895287958115182
2022,Economia,NORTE,16,0.08376963350785341
2022,Economia,SUDESTE,71,0.3717277486910995
2022,Economia,SUL,46,0.24083769633507854
2022,Ciência Política / RI,CENTRO-OESTE,8,0.13333333333333333
2022,Ciência Política / RI,NORDESTE,11,0.18333333333333332
2022,Ciência Política / RI,NORTE,2,0.03333333333333333
2022,Ciência Política / RI,SUDESTE,27,0.45
2022,Ciência Política / RI,SUL,12,0.2
2022,Sociologia,CENTRO-OESTE,8,0.0975609756097561
2022,Sociologia,NORDESTE,21,0.25609756097560976
2022,Sociologia,NORTE,6,0.07317073170731707
2022,Sociologia,SUDESTE,28,0.34146341463414637
2022,Sociologia,SUL,19,0.23170731707317074
2022,Antropologia / Arqueologia,CENTRO-OESTE,16,0.10191082802547771
2022,Antropologia / Arqueologia,NORDESTE,37,0.2356687898089172
2022,Antropologia / Arqueologia,NORTE,13,0.08280254777070063
2022,Antropologia / Arqueologia,SUDESTE,62,0.39490445859872614
2022,Antropologia / Arqueologia,SUL,29,0.18471337579617833
2022,História,CENTRO-OESTE,26,0.11981566820276497
2022,História,NORDESTE,43,0.19815668202764977
2022,História,NORTE,13,0.059907834101382486
2022,História,SUDESTE,92,0.423963133640553
2022,História,SUL,43,0.19815668202764977
2023,Geografia,CENTRO-OESTE,11,0.14285714285714285
2023,Geografia,NORDESTE,19,0.24675324675324675
2023,Geografia,NORTE,8,0.1038961038961039
2023,Geografia,SUDESTE,25,0.3246753246753247
2023,Geografia,SUL,14,0.18181818181818182
2023,Economia,CENTRO-OESTE,21,0.1099476439790576
2023,Economia,NORDESTE,38,0.19895287958115182
2023,Economia,NORTE,16,0.08376963350785341
2023,Economia,SUDESTE,70,0.36649214659685864
2023,Economia,SUL,46,0.24083769633507854
2023,Ciência Política / RI,CENTRO-OESTE,8,0.13333333333333333
2023,Ciência Política / RI,NORDESTE,11,0.18333333333333332
2023,Ciência Política / RI,NORTE,2,0.03333333333333333
2023,Ciência Política / RI,SUDESTE,27,0.45
2023,Ciência Política / RI,SUL,12,0.2
2023,Sociologia,CENTRO-OESTE,9,0.10714285714285714
2023,Sociologia,NORDESTE,21,0.25
2023,Sociologia,NORTE,6,0.07142857142857142
2023,Sociologia,SUDESTE,29,0.34523809523809523
2023,Sociologia,SUL,19,0.2261904761904762
2023,Antropologia / Arqueologia,CENTRO-OESTE,16,0.10062893081761007
2023,Antropologia / Arqueologia,NORDESTE,38,0.2389937106918239
2023,Antropologia / Arqueologia,NORTE,13,0.08176100628930817
2023,Antropologia / Arqueologia,SUDESTE,62,0.389937106918239
2023,Antropologia / Arqueologia,SUL,30,0.18867924528301888
2023,História,CENTRO-OESTE,26,0.11711711711711711
2023,História,NORDESTE,47,0.21171171171171171
2023,História,NORTE,13,0.05855855855855856
2023,História,SUDESTE,92,0.4144144144144144
2023,História,SUL,44,0.1981981981981982
2024,Geografia,CENTRO-OESTE,12,0.15
2024,Geografia,NORDESTE,19,0.2375
2024,Geografia,NORTE,11,0.1375
2024,Geografia,SUDESTE,25,0.3125
2024,Geografia,SUL,13,0.1625
2024,Economia,CENTRO-OESTE,20,0.10362694300518134
2024,Economia,NORDESTE,40,0.20725388601036268
2024,Economia,NORTE,16,0.08290155440414508
2024,Economia,SUDESTE,70,0.3626943005181347
2024,Economia,SUL,47,0.24352331606217617
2024,Ciência Política / RI,CENTRO-OESTE,10,0.15625
2024,Ciência Política / RI,NORDESTE,11,0.171875
2024,Ciência Política / RI,NORTE,2,0.03125
2024,Ciência Política / RI,SUDESTE,28,0.4375
2024,Ciência Política / RI,SUL,13,0.203125
2024,Sociologia,CENTRO-OESTE,8,0.09876543209876543
2024,Sociologia,NORDESTE,21,0.25925925925925924
2024,Sociologia,NORTE,6,0.07407407407407407
2024,Sociologia,SUDESTE,27,0.3333333333333333
2024,Sociologia,SUL,19,0.2345679012345679
2024,Antropologia / Arqueologia,CENTRO-OESTE,16,0.10191082802547771
2024,Antropologia / Arqueologia,NORDESTE,37,0.2356687898089172
2024,Antropologia / Arqueologia,NORTE,14,0.08917197452229299
2024,Antropologia / Arqueologia,SUDESTE,61,0.3885350318471338
2024,Antropologia / Arqueologia,SUL,29,0.18471337579617833
2024,História,CENTRO-OESTE,26,0.12093023255813953
2024,História,NORDESTE,43,0.2
2024,História,NORTE,13,0.06046511627906977
2024,História,SUDESTE,90,0.4186046511627907
2024,História,SUL,43,0.2
